from_location_id,to_location_id,google_distance_km,sectional_tat,
50,50,0.000000,0,
50,125,282.213000,26160000,
50,54,74.646000,10800000,
50,153,208.759000,18000000,
50,168,68.947000,10800000,
50,53,140.111000,18000000,
50,10,1158.275000,97200000,
50,11,1198.272000,143792640,
50,129,1477.325000,177279000,
50,143,1394.731000,167367720,
50,127,1349.624000,161954880,
50,24,1335.889000,160306680,
50,25,1439.717000,172766040,
50,12,2333.677000,223200000,
50,111,2478.618000,297434160,
50,135,2073.584000,248830080,
50,171,2537.143000,304457160,
50,13,1584.447000,144000000,
50,108,1462.695000,175523399,
50,14,1653.518000,172800000,
50,15,262.584000,28800000,
50,16,2074.530000,248943600,
50,17,1720.334000,172800000,
50,18,1090.265000,75600000,
50,19,464.904000,36000000,
50,20,2372.534000,226800000,
50,21,1236.879000,111600000,
50,22,1623.378000,194805360,
50,23,1618.481000,194217720,
50,87,147.089000,17650680,
50,89,2662.391000,319486920,
50,90,714.283000,64800000,
50,91,1525.683000,183081960,
50,92,1880.705000,225684600,
50,93,653.778000,78453360,
50,95,2521.053000,302526360,
50,96,2034.174000,244100880,
50,97,1939.075000,232689000,
50,98,143.519000,17222280,
50,99,1256.238000,108000000,
50,103,2680.747000,321689640,
50,104,2666.335000,319960200,
50,105,1412.207000,144000000,
50,110,2774.568000,332948159,
50,114,976.074000,117128880,
50,117,364.917000,43790040,
50,119,1797.723000,215726759,
50,121,849.533000,101943960,
50,124,1395.308000,167436960,
50,126,977.083000,117249960,
50,128,846.546000,101585520,
50,129,1477.325000,177279000,
50,131,397.490000,47698800,
50,133,294.642000,35357040,
50,159,220.709000,25200000,
50,195,2858.873000,343064760,
50,196,2109.533000,253143959,
50,473,2911.282000,349353840,
125,50,265.785000,24420000,
125,125,0.000000,0,
125,54,232.163000,27859559,
125,153,75.764000,10800000,
125,168,332.393000,39887160,
125,53,143.176000,18000000,
125,10,1234.818000,148178160,
125,11,1309.302000,157116240,
125,129,1620.630000,194475600,
125,143,1471.274000,176552879,
125,127,1426.167000,171140040,
125,24,1466.377000,175965240,
125,25,1570.204000,188424480,
125,12,2597.122000,311654640,
125,111,2742.064000,329047680,
125,135,2294.409000,275329080,
125,171,2800.589000,336070680,
125,13,1714.935000,205792200,
125,108,1606.000000,192720000,
125,14,1916.964000,230035680,
125,15,513.148000,61577760,
125,16,2337.976000,280557120,
125,17,1983.780000,238053600,
125,18,1233.570000,148028400,
125,19,686.137000,82336440,
125,20,2635.980000,316317600,
125,21,1500.324000,180038880,
125,22,1886.824000,226418879,
125,23,1761.787000,211414440,
125,87,390.655000,46878599,
125,89,2925.836000,351100319,
125,90,977.729000,117327480,
125,91,1789.129000,214695480,
125,92,2144.151000,257298120,
125,93,917.224000,110066880,
125,95,2784.499000,334139880,
125,96,2297.620000,275714400,
125,97,2202.521000,264302520,
125,98,378.455000,45414599,
125,99,1519.684000,182362080,
125,103,2944.193000,353303160,
125,104,2929.780000,351573600,
125,105,1675.652000,201078240,
125,110,3038.013000,364561560,
125,114,1239.520000,148742400,
125,117,628.363000,75403560,
125,119,2061.169000,247340279,
125,121,1112.979000,133557480,
125,124,1658.754000,199050479,
125,126,1240.529000,148863480,
125,128,977.350000,117282000,
125,129,1620.630000,194475600,
125,131,660.936000,79312320,
125,133,558.087000,66970439,
125,159,484.154000,58098480,
125,195,3122.319000,374678280,
125,196,2330.358000,279642959,
125,473,3174.727000,380967240,
54,50,58.262000,10800000,
54,125,231.568000,27788160,
54,54,0.000000,0,
54,153,158.114000,17100000,
54,168,124.869000,14984280,
54,53,121.068000,14528159,
54,10,1214.197000,145703640,
54,11,1254.194000,150503280,
54,129,1533.246000,183989520,
54,143,1450.652000,174078240,
54,127,1405.546000,168665520,
54,24,1391.811000,167017320,
54,25,1495.638000,179476560,
54,12,2389.599000,286751880,
54,111,2534.540000,304144800,
54,135,2129.505000,255540600,
54,171,2593.065000,311167800,
54,13,1640.369000,196844279,
54,108,1518.617000,182234040,
54,14,1709.440000,205132800,
54,15,318.506000,38220719,
54,16,2130.452000,255654240,
54,17,1776.256000,213150720,
54,18,1146.187000,137542440,
54,19,520.826000,62499120,
54,20,2428.456000,291414720,
54,21,1292.800000,155136000,
54,22,1679.300000,201516000,
54,23,1674.403000,200928359,
54,87,188.281000,22593719,
54,89,2718.313000,326197560,
54,90,770.205000,92424600,
54,91,1581.605000,189792600,
54,92,1936.627000,232395240,
54,93,709.700000,85164000,
54,95,2576.975000,309237000,
54,96,2090.096000,250811520,
54,97,1994.997000,239399640,
54,98,139.681000,16761720,
54,99,1312.160000,157459200,
54,103,2736.669000,328400280,
54,104,2722.257000,326670840,
54,105,1468.129000,176175480,
54,110,2830.489000,339658680,
54,114,1031.996000,123839520,
54,117,420.839000,50500680,
54,119,1853.645000,222437400,
54,121,905.455000,108654600,
54,124,1451.230000,174147600,
54,126,1033.005000,123960600,
54,128,902.468000,108296160,
54,129,1533.246000,183989520,
54,131,453.412000,54409440,
54,133,350.563000,42067560,
54,159,276.630000,33195600,
54,195,2914.795000,349775400,
54,196,2165.455000,259854600,
54,473,2967.203000,356064360,
153,50,193.201000,18000000,
153,125,75.831000,10800000,
153,54,159.579000,17520000,
153,153,0.000000,0,
153,168,259.808000,31176960,
153,53,70.592000,10800000,
153,10,1236.435000,148372200,
153,11,1310.918000,157310160,
153,129,1668.186000,200182320,
153,143,1472.890000,176746800,
153,127,1427.783000,171333959,
153,24,1526.750000,183210000,
153,25,1630.578000,195669360,
153,12,2524.538000,302944560,
153,111,2669.479000,320337480,
153,135,2264.445000,271733400,
153,171,2728.004000,327360480,
153,13,1775.308000,213036960,
153,108,1653.556000,198426720,
153,14,1844.379000,221325479,
153,15,453.445000,54413400,
153,16,2265.391000,271846920,
153,17,1911.195000,229343400,
153,18,1281.126000,153735120,
153,19,655.765000,78691800,
153,20,2563.395000,307607400,
153,21,1427.740000,171328800,
153,22,1814.239000,217708680,
153,23,1809.342000,217121040,
153,87,318.070000,38168399,
153,89,2853.252000,342390240,
153,90,905.144000,108617279,
153,91,1716.544000,205985279,
153,92,2071.566000,248587920,
153,93,844.639000,101356679,
153,95,2711.914000,325429680,
153,96,2225.035000,267004200,
153,97,2129.936000,255592320,
153,98,305.870000,36704400,
153,99,1447.099000,173651880,
153,103,2871.608000,344592960,
153,104,2857.196000,342863519,
153,105,1603.068000,192368160,
153,110,2965.429000,355851480,
153,114,1166.935000,140032200,
153,117,555.778000,66693360,
153,119,1988.584000,238630079,
153,121,1040.394000,124847280,
153,124,1586.169000,190340279,
153,126,1167.944000,140153280,
153,128,1037.407000,124488840,
153,129,1668.186000,200182320,
153,131,588.351000,70602120,
153,133,485.503000,58260360,
153,159,411.570000,49388400,
153,195,3049.734000,365968080,
153,196,2300.394000,276047279,
153,473,3102.143000,372257160,
168,50,72.299000,10800000,
168,125,335.549000,40265880,
168,54,127.983000,15357960,
168,153,262.096000,31451520,
168,168,0.000000,0,
168,53,193.447000,23213640,
168,10,1089.415000,130729800,
168,11,1129.412000,135529440,
168,129,1408.464000,169015680,
168,143,1325.870000,159104399,
168,127,1280.763000,153691560,
168,24,1267.028000,152043360,
168,25,1370.856000,164502720,
168,12,2264.816000,271777920,
168,111,2409.758000,289170960,
168,135,2004.723000,240566760,
168,171,2468.282000,296193840,
168,13,1515.587000,181870440,
168,108,1393.834000,167260079,
168,14,1584.658000,190158959,
168,15,193.723000,23246759,
168,16,2005.669000,240680280,
168,17,1651.473000,198176759,
168,18,1021.404000,122568479,
168,19,396.044000,47525280,
168,20,2303.674000,276440880,
168,21,1168.018000,140162160,
168,22,1554.517000,186542040,
168,23,1549.621000,185954520,
168,87,134.738000,16168559,
168,89,2593.530000,311223600,
168,90,645.422000,77450640,
168,91,1456.823000,174818759,
168,92,1811.845000,217421400,
168,93,584.918000,70190160,
168,95,2452.192000,294263040,
168,96,1965.314000,235837679,
168,97,1870.214000,224425680,
168,98,162.389000,19486680,
168,99,1187.378000,142485359,
168,103,2611.887000,313426440,
168,104,2597.474000,311696880,
168,105,1343.346000,161201520,
168,110,2705.707000,324684840,
168,114,907.214000,108865680,
168,117,299.653000,35958360,
168,119,1728.863000,207463560,
168,121,780.673000,93680760,
168,124,1326.447000,159173640,
168,126,908.222000,108986640,
168,128,777.686000,93322320,
168,129,1408.464000,169015680,
168,131,328.630000,39435600,
168,133,229.377000,27525240,
168,159,151.848000,18221759,
168,195,2790.012000,334801440,
168,196,2040.672000,244880640,
168,473,2842.421000,341090520,
53,50,125.608000,18000000,
53,125,142.804000,14400000,
53,54,116.435000,13972200,
53,153,69.350000,10800000,
53,168,192.216000,23065920,
53,53,0.000000,0,
53,10,1281.544000,153785279,
53,11,1321.541000,158584920,
53,129,1600.593000,192071160,
53,143,1517.999000,182159880,
53,127,1472.892000,176747040,
53,24,1459.157000,175098840,
53,25,1562.985000,187558200,
53,12,2456.945000,294833400,
53,111,2601.887000,312226440,
53,135,2196.852000,263622240,
53,171,2660.411000,319249319,
53,13,1707.716000,118800000,
53,108,1585.963000,190315560,
53,14,1776.787000,115200000,
53,15,385.852000,46800000,
53,16,2197.798000,263735759,
53,17,1843.602000,221232240,
53,18,1213.533000,104880000,
53,19,588.173000,70580760,
53,20,2495.803000,241200000,
53,21,1360.147000,163217640,
53,22,1746.646000,209597520,
53,23,1741.750000,209010000,
53,87,250.478000,30057360,
53,89,2785.659000,334279080,
53,90,837.551000,100506120,
53,91,1648.951000,197874120,
53,92,2003.974000,240476880,
53,93,777.047000,93245640,
53,95,2644.321000,317318520,
53,96,2157.443000,258893160,
53,97,2062.343000,247481160,
53,98,238.277000,28593240,
53,99,1379.507000,165540840,
53,103,2804.016000,336481919,
53,104,2789.603000,334752360,
53,105,1535.475000,184257000,
53,110,2897.836000,347740320,
53,114,1099.343000,131921160,
53,117,488.186000,51540000,
53,119,1920.992000,230519040,
53,121,972.802000,116736239,
53,124,1518.576000,182229120,
53,126,1100.351000,132042120,
53,128,969.815000,116377800,
53,129,1600.593000,192071160,
53,131,520.759000,62491080,
53,133,417.910000,50149200,
53,159,343.977000,30840000,
53,195,2982.141000,357856919,
53,196,2232.801000,267936120,
53,473,3034.550000,364146000,
10,50,1155.704000,97200000,
10,125,1232.663000,147919560,
10,54,1211.388000,145366560,
10,153,1234.693000,148163160,
10,168,1086.458000,130374960,
10,53,1170.442000,140453040,
10,10,0.000000,0,
10,11,121.695000,14400000,
10,129,511.962000,61435440,
10,143,284.662000,28800000,
10,127,193.163000,21600000,
10,24,283.486000,25200000,
10,25,387.313000,36000000,
10,12,1545.001000,136800000,
10,111,1602.403000,192288359,
10,135,1111.518000,133382160,
10,171,1734.898000,208187760,
10,13,532.044000,46800000,
10,108,598.519000,71822280,
10,14,2108.435000,180000000,
10,15,914.988000,79200000,
10,16,2560.047000,270000000,
10,17,1238.404000,100800000,
10,18,440.250000,52830000,
10,19,687.654000,61200000,
10,20,1863.385000,154800000,
10,21,864.449000,103733880,
10,22,2108.895000,253067399,
10,23,684.396000,82127520,
10,87,1156.234000,138748079,
10,89,1860.146000,223217520,
10,90,1193.524000,143222880,
10,91,1980.600000,151200000,
10,92,1701.963000,204235559,
10,93,1108.695000,133043400,
10,95,1837.968000,220556159,
10,96,1557.862000,186943440,
10,97,1636.528000,196383359,
10,98,1245.794000,149495280,
10,99,1715.119000,205814279,
10,103,1878.502000,162000000,
10,104,1864.090000,223690800,
10,105,1620.884000,194506080,
10,110,1972.323000,236678759,
10,114,1430.991000,171718920,
10,117,1195.225000,143426999,
10,119,1677.416000,201289920,
10,121,1304.450000,156534000,
10,124,1149.368000,137924160,
10,126,634.100000,76092000,
10,128,295.409000,28800000,
10,129,511.962000,61435440,
10,131,941.159000,112939080,
10,133,1124.949000,134993879,
10,159,980.479000,117657479,
10,195,2056.628000,129600000,
10,196,1147.467000,137696040,
10,473,2109.037000,253084440,
11,50,1194.140000,143296800,
11,125,1308.591000,157030920,
11,54,1249.823000,149978760,
11,153,1274.564000,152947679,
11,168,1124.893000,134987160,
11,53,1208.878000,145065360,
11,10,117.208000,10800000,
11,11,0.000000,0,
11,129,393.994000,47279280,
11,143,369.029000,44283480,
11,127,277.530000,33303599,
11,24,165.517000,18000000,
11,25,269.345000,21600000,
11,12,1427.033000,123120000,
11,111,1484.435000,178132200,
11,135,993.549000,119225879,
11,171,1616.930000,194031600,
11,13,414.076000,39600000,
11,108,480.550000,57666000,
11,14,2065.716000,247885919,
11,15,953.424000,68400000,
11,16,2517.327000,302079240,
11,17,1120.436000,104400000,
11,18,362.518000,43502160,
11,19,726.090000,64800000,
11,20,1745.417000,144000000,
11,21,770.164000,92419679,
11,22,2066.176000,247941120,
11,23,566.428000,51780000,
11,87,1194.669000,143360280,
11,89,1742.177000,209061240,
11,90,1150.804000,138096480,
11,91,1674.784000,200974080,
11,92,1607.679000,192921479,
11,93,1065.976000,127917120,
11,95,1720.000000,206400000,
11,96,1439.894000,172787280,
11,97,1765.910000,211909200,
11,98,1284.229000,154107480,
11,99,1672.400000,200688000,
11,103,1760.534000,147600000,
11,104,1746.121000,209534520,
11,105,1543.152000,185178240,
11,110,1854.354000,222522480,
11,114,1388.272000,166592640,
11,117,1233.660000,148039200,
11,119,1583.131000,189975720,
11,121,1148.188000,137782560,
11,124,1055.084000,126610079,
11,126,556.368000,66764160,
11,128,346.790000,32280000,
11,129,393.994000,47279280,
11,131,979.594000,117551279,
11,133,1163.384000,139606080,
11,159,1018.915000,122269800,
11,195,1938.659000,232639080,
11,196,1029.499000,123539880,
11,473,1991.068000,238928160,
129,50,1478.282000,177393840,
129,125,1626.217000,195146040,
129,54,1533.965000,184075800,
129,153,1668.078000,200169360,
129,168,1409.035000,169084200,
129,53,1599.430000,191931600,
129,10,509.765000,61171800,
129,11,392.500000,47100000,
129,129,0.000000,0,
129,143,761.519000,91382279,
129,127,670.020000,80402400,
129,24,230.815000,27697800,
129,25,173.114000,20773680,
129,12,1085.911000,130309320,
129,111,1143.312000,137197440,
129,135,652.427000,78291240,
129,171,1275.807000,153096840,
129,13,115.896000,14400000,
129,108,190.679000,25200000,
129,14,1896.374000,227564880,
129,15,1237.566000,148507920,
129,16,2646.521000,317582520,
129,17,654.899000,78587880,
129,18,444.392000,46800000,
129,19,1010.231000,121227720,
129,20,1404.295000,168515400,
129,21,649.129000,64800000,
129,22,2195.369000,263444280,
129,23,197.325000,25200000,
129,87,1478.811000,177457320,
129,89,1401.055000,168126600,
129,90,1279.998000,153599760,
129,91,1645.892000,197507040,
129,92,1520.028000,182403359,
129,93,1195.170000,143420400,
129,95,1378.877000,165465240,
129,96,974.357000,116922840,
129,97,1300.373000,156044760,
129,98,1568.371000,188204520,
129,99,1643.668000,197240160,
129,103,1419.411000,170329320,
129,104,1404.999000,168599880,
129,105,1563.422000,187610640,
129,110,1513.232000,181587840,
129,114,1359.540000,163144800,
129,117,1453.541000,174424920,
129,119,1495.480000,179457600,
129,121,1228.767000,147452040,
129,124,967.433000,116091959,
129,126,636.947000,76433640,
129,128,720.626000,86475120,
129,129,0.000000,0,
129,131,1178.816000,141457920,
129,133,1447.526000,173703120,
129,159,1303.056000,156366720,
129,195,1597.537000,191704440,
129,196,688.376000,82605120,
129,473,1649.946000,197993520,
143,50,1411.137000,169336440,
143,50,1411.137000,169336440,
143,125,1488.095000,178571400,
143,54,1466.820000,176018400,
143,153,1490.126000,178815120,
143,168,1341.890000,161026800,
143,53,1425.874000,171104880,
143,10,283.146000,25200000,
143,11,371.813000,44617560,
143,129,761.005000,91320600,
143,143,0.000000,0,
143,127,94.628000,10800000,
143,24,532.528000,63903360,
143,25,636.356000,76362720,
143,12,1794.044000,215285280,
143,111,1851.446000,222173520,
143,135,1360.560000,163267200,
143,171,1983.940000,238072800,
143,13,781.086000,93730320,
143,108,847.561000,101707320,
143,14,2389.738000,286768560,
143,15,1170.421000,140450520,
143,16,2880.963000,345715559,
143,17,1487.447000,178493640,
143,18,705.712000,84685440,
143,19,943.087000,113170440,
143,20,2112.428000,253491360,
143,21,1129.910000,135589200,
143,22,2429.811000,291577320,
143,23,933.439000,112012680,
143,87,1411.666000,169399920,
143,89,2109.188000,253102560,
143,90,1520.716000,182485920,
143,91,2261.903000,271428360,
143,92,1967.424000,236090880,
143,93,1389.998000,166799759,
143,95,2087.010000,250441200,
143,96,1806.905000,216828600,
143,97,2132.921000,255950520,
143,98,1501.226000,180147120,
143,99,1996.422000,239570640,
143,103,2127.544000,255305280,
143,104,2113.132000,253575840,
143,105,1886.345000,226361400,
143,110,2221.365000,266563799,
143,114,1712.294000,205475279,
143,117,1450.657000,174078840,
143,119,1942.877000,233145240,
143,121,1585.753000,190290360,
143,124,1414.830000,169779599,
143,126,899.562000,107947440,
143,128,576.712000,69205440,
143,129,761.005000,91320600,
143,131,1196.591000,143590920,
143,133,1380.381000,165645720,
143,159,1235.912000,148309440,
143,195,2305.670000,276680400,
143,196,1396.510000,167581200,
143,473,2358.079000,282969480,
127,50,1374.507000,164940840,
127,125,1451.466000,174175920,
127,54,1430.191000,171622920,
127,153,1453.496000,174419520,
127,168,1305.260000,156631200,
127,53,1389.245000,166709400,
127,10,197.924000,18000000,
127,11,286.591000,34390920,
127,129,675.782000,81093840,
127,143,94.661000,10800000,
127,127,0.000000,0,
127,24,447.306000,53676720,
127,25,551.133000,66135960,
127,12,1708.821000,205058520,
127,111,1766.223000,211946760,
127,135,1275.338000,153040560,
127,171,1898.718000,227846160,
127,13,695.864000,83503680,
127,108,762.339000,91480679,
127,14,2304.516000,276541920,
127,15,1133.791000,136054920,
127,16,2756.128000,330735360,
127,17,1402.224000,168266880,
127,18,620.489000,74458680,
127,19,906.457000,108774840,
127,20,2027.205000,243264599,
127,21,1044.688000,125362560,
127,22,2304.976000,276597120,
127,23,848.216000,101785920,
127,87,1375.037000,165004440,
127,89,2023.966000,242875920,
127,90,1389.605000,166752600,
127,91,2176.681000,261201720,
127,92,1882.202000,225864240,
127,93,1304.776000,156573120,
127,95,2001.788000,240214559,
127,96,1721.682000,206601840,
127,97,2047.698000,245723759,
127,98,1464.597000,175751640,
127,99,1911.200000,229344000,
127,103,2042.322000,245078640,
127,104,2027.910000,243349200,
127,105,1801.123000,216134759,
127,110,2136.143000,256337160,
127,114,1627.072000,195248640,
127,117,1414.028000,169683359,
127,119,1857.655000,222918600,
127,121,1500.531000,180063720,
127,124,1329.607000,159552840,
127,126,814.339000,97720680,
127,128,491.490000,58978800,
127,129,675.782000,81093840,
127,131,1159.962000,139195440,
127,133,1343.752000,161250240,
127,159,1199.282000,143913839,
127,195,2220.448000,266453760,
127,196,1311.287000,157354440,
127,473,2272.856000,272742720,
24,50,1337.161000,160459320,
24,125,1467.918000,176150160,
24,54,1392.844000,167141280,
24,153,1417.585000,170110200,
24,168,1267.914000,152149680,
24,53,1351.899000,162227880,
24,10,278.950000,25200000,
24,11,161.685000,18000000,
24,129,234.470000,28136400,
24,143,530.704000,63684480,
24,127,439.205000,52704600,
24,24,0.000000,0,
24,25,109.821000,14400000,
24,12,1267.509000,111600000,
24,111,1324.911000,158989320,
24,135,834.026000,100083120,
24,171,1457.406000,174888720,
24,13,254.552000,25200000,
24,108,358.677000,43041239,
24,14,1996.493000,197520000,
24,15,1096.445000,79200000,
24,16,2651.309000,318157080,
24,17,960.912000,111600000,
24,18,451.342000,54161040,
24,19,869.111000,75660000,
24,20,1585.893000,140400000,
24,21,720.011000,86401320,
24,22,2200.157000,264018840,
24,23,406.904000,48828480,
24,87,1337.690000,160522800,
24,89,1582.654000,189918480,
24,90,1284.786000,86400000,
24,91,1746.012000,209521440,
24,92,1620.147000,194417640,
24,93,1199.958000,143994960,
24,95,1560.476000,187257120,
24,96,1280.370000,153644399,
24,97,1606.386000,192766320,
24,98,1427.250000,171270000,
24,99,1650.618000,198074159,
24,103,1601.010000,144000000,
24,104,1586.597000,190391640,
24,105,1663.542000,199625040,
24,110,1694.830000,203379600,
24,114,1366.490000,163978800,
24,117,1376.681000,165201720,
24,119,1595.600000,191471999,
24,121,1235.716000,148285920,
24,124,1067.553000,128106360,
24,126,643.897000,77267640,
24,128,489.811000,58777320,
24,129,234.470000,28136400,
24,131,1122.615000,134713800,
24,133,1306.406000,156768720,
24,159,1161.936000,139432320,
24,195,1779.136000,213496320,
24,196,869.975000,104397000,
24,473,1831.544000,219785280,
25,50,1444.521000,108000000,
25,125,1575.278000,189033359,
25,54,1500.204000,180024480,
25,153,1524.945000,182993400,
25,168,1375.274000,165032879,
25,53,1459.258000,175110959,
25,10,386.310000,36000000,
25,11,269.044000,28800000,
25,129,171.737000,20608439,
25,143,638.064000,76567680,
25,127,546.565000,65587800,
25,24,107.360000,10800000,
25,25,0.000000,0,
25,12,1157.854000,108000000,
25,111,1215.255000,145830600,
25,135,724.370000,86924400,
25,171,1347.750000,161730000,
25,13,144.896000,18000000,
25,108,323.940000,38872800,
25,14,2080.005000,249600600,
25,15,1203.805000,115200000,
25,16,2736.983000,328437960,
25,17,851.256000,93600000,
25,18,534.854000,64182480,
25,19,976.471000,75600000,
25,20,1476.237000,129600000,
25,21,782.390000,93886799,
25,22,2285.831000,274299720,
25,23,297.249000,25200000,
25,87,1445.050000,173406000,
25,89,1472.998000,176759759,
25,90,1370.460000,164455200,
25,91,1829.523000,219542760,
25,92,1703.659000,204439080,
25,93,1285.631000,154275720,
25,95,1450.820000,174098400,
25,96,1170.714000,140485680,
25,97,1496.730000,179607600,
25,98,1534.610000,184153200,
25,99,1734.129000,208095480,
25,103,1491.354000,178962480,
25,104,1476.942000,177233040,
25,105,1747.053000,209646359,
25,110,1585.175000,190221000,
25,114,1450.002000,174000240,
25,117,1484.041000,178084920,
25,119,1679.112000,201493440,
25,121,1319.228000,158307359,
25,124,1151.064000,138127679,
25,126,727.408000,87288960,
25,128,597.171000,50400000,
25,129,171.737000,20608439,
25,131,1229.975000,147596999,
25,133,1413.765000,169651800,
25,159,1269.296000,152315520,
25,195,1669.480000,200337600,
25,196,760.319000,91238280,
25,473,1721.889000,206626680,
12,50,2335.425000,216000000,
12,125,2598.675000,311841000,
12,54,2391.108000,286932960,
12,153,2525.221000,303026520,
12,168,2266.178000,271941360,
12,53,2456.573000,294788760,
12,10,1540.233000,136800000,
12,11,1422.967000,120660000,
12,129,1081.877000,129825239,
12,143,1791.987000,215038440,
12,127,1700.488000,204058560,
12,24,1261.283000,151353960,
12,25,1155.767000,138692040,
12,12,0.000000,3600000,
12,111,175.777000,25200000,
12,135,440.896000,39600000,
12,171,205.874000,18000000,
12,13,1021.024000,93600000,
12,108,1047.071000,125648520,
12,14,1841.677000,219600000,
12,15,2125.588000,190800000,
12,16,2841.167000,288000000,
12,17,619.570000,50400000,
12,18,1472.410000,176689200,
12,19,2130.394000,165600000,
12,20,334.362000,36000000,
12,21,1100.398000,93600000,
12,22,2390.015000,286801800,
12,23,888.116000,79200000,
12,87,2312.614000,277513680,
12,89,331.122000,32400000,
12,90,2002.497000,240299640,
12,91,1824.209000,218905079,
12,92,1428.575000,144000000,
12,93,1917.669000,230120279,
12,95,308.944000,37073280,
12,96,660.682000,50400000,
12,97,986.698000,97200000,
12,98,2388.234000,286588080,
12,99,2120.423000,254450759,
12,103,349.478000,39600000,
12,104,335.066000,36000000,
12,105,1965.545000,235865400,
12,110,443.299000,53195880,
12,114,1814.761000,217771320,
12,117,2201.697000,264203640,
12,119,1438.017000,172562040,
12,121,1737.431000,208491720,
12,124,1369.556000,164346720,
12,126,1423.027000,125400000,
12,128,1751.094000,210131280,
12,129,1081.877000,129825239,
12,131,1927.923000,231350760,
12,133,2146.740000,257608799,
12,159,2130.368000,183600000,
12,195,527.604000,57600000,
12,196,598.820000,71858400,
12,473,580.013000,69601560,
111,50,2480.091000,297610920,
111,125,2743.341000,329200920,
111,54,2535.775000,304293000,
111,153,2669.887000,320386440,
111,168,2410.844000,289301280,
111,53,2601.239000,312148680,
111,10,1596.434000,191572080,
111,11,1479.168000,177500160,
111,129,1138.078000,136569360,
111,143,1848.188000,221782560,
111,127,1756.689000,210802679,
111,24,1317.484000,158098079,
111,25,1211.969000,145436280,
111,12,174.386000,21600000,
111,111,0.000000,0,
111,135,497.097000,59651640,
111,171,268.014000,32161680,
111,13,1077.225000,129267000,
111,108,1103.272000,132392639,
111,14,1985.030000,238203599,
111,15,2270.254000,272430480,
111,16,2984.520000,358142400,
111,17,764.236000,91708320,
111,18,1528.612000,183433440,
111,19,2186.595000,262391400,
111,20,463.332000,55599840,
111,21,1245.064000,149407679,
111,22,2533.368000,304004160,
111,23,944.318000,113318160,
111,87,2457.280000,294873600,
111,89,196.814000,23617680,
111,90,2147.163000,257659560,
111,91,1967.562000,236107440,
111,92,1571.928000,188631360,
111,93,2062.335000,247480200,
111,95,437.915000,52549800,
111,96,804.035000,96484200,
111,97,1130.051000,135606120,
111,98,2532.900000,303948000,
111,99,2265.089000,271810680,
111,103,208.542000,25025040,
111,104,351.892000,42227040,
111,105,2110.211000,253225320,
111,110,407.611000,48913320,
111,114,1959.427000,235131240,
111,117,2346.363000,281563560,
111,119,1581.369000,189764280,
111,121,1882.097000,225851640,
111,124,1514.222000,181706640,
111,126,1567.693000,188123160,
111,128,1807.295000,216875400,
111,129,1138.078000,136569360,
111,131,2072.589000,248710679,
111,133,2291.406000,274968720,
111,159,2275.034000,273004080,
111,195,386.668000,46400160,
111,196,655.021000,78602519,
111,473,544.325000,65319000,
135,50,2165.063000,259807560,
135,125,2295.820000,275498400,
135,54,2220.747000,266489640,
135,153,2245.487000,269458440,
135,168,2095.816000,251497920,
135,53,2179.801000,261576120,
135,10,1106.852000,93600000,
135,11,989.587000,118750439,
135,129,648.497000,77819639,
135,143,1358.607000,163032840,
135,127,1267.108000,152052960,
135,24,827.902000,99348239,
135,25,722.387000,86686440,
135,12,440.999000,39600000,
135,111,498.401000,59808120,
135,135,0.000000,0,
135,171,630.896000,75707520,
135,13,587.643000,61200000,
135,108,613.691000,73642920,
135,14,1976.199000,237143880,
135,15,1924.347000,126000000,
135,16,3241.159000,388939080,
135,17,560.742000,67289040,
135,18,1039.030000,124683599,
135,19,1697.013000,203641560,
135,20,759.383000,64800000,
135,21,896.564000,107587680,
135,22,2790.007000,334800840,
135,23,454.736000,39600000,
135,87,2165.593000,259871159,
135,89,756.144000,90737279,
135,90,1874.636000,224956320,
135,91,1958.732000,235047840,
135,92,1563.097000,187571640,
135,93,1789.807000,214776840,
135,95,733.966000,88075920,
135,96,795.205000,95424600,
135,97,1121.221000,134546520,
135,98,2255.153000,270618359,
135,99,2061.595000,247391399,
135,103,774.500000,92940000,
135,104,760.088000,91210560,
135,105,1906.717000,228806040,
135,110,868.321000,104198520,
135,114,1755.933000,210711960,
135,117,2048.179000,245781480,
135,119,1572.539000,188704680,
135,121,1678.604000,201432480,
135,124,1310.728000,157287359,
135,126,1231.585000,147790200,
135,128,1317.714000,158125680,
135,129,648.497000,77819639,
135,131,1773.454000,212814480,
135,133,2134.308000,256116960,
135,159,1989.838000,238780560,
135,195,952.626000,114315120,
135,196,165.439000,28800000,
135,473,1005.035000,120604199,
171,50,2539.892000,304787040,
171,125,2803.142000,336377040,
171,54,2595.575000,311469000,
171,153,2729.688000,327562560,
171,168,2470.645000,296477400,
171,53,2661.040000,319324800,
171,10,1729.523000,207542759,
171,11,1612.258000,193470959,
171,129,1271.167000,152540040,
171,143,1981.277000,237753240,
171,127,1889.778000,226773360,
171,24,1450.573000,174068760,
171,25,1345.058000,161406960,
171,12,202.330000,25200000,
171,111,265.380000,31845600,
171,135,630.187000,75622440,
171,171,0.000000,0,
171,13,1210.314000,145237679,
171,108,1236.361000,148363320,
171,14,1986.374000,238364880,
171,15,2330.055000,204480000,
171,16,2985.864000,358303680,
171,17,824.036000,67860000,
171,18,1661.701000,199404120,
171,19,2319.684000,278362079,
171,20,334.199000,32400000,
171,21,1304.865000,156583800,
171,22,2534.712000,304165440,
171,23,1077.407000,129288839,
171,87,2517.081000,302049720,
171,89,127.968000,10800000,
171,90,2206.964000,264835680,
171,91,1968.906000,236268720,
171,92,1573.272000,188792640,
171,93,2122.135000,254656200,
171,95,218.459000,26215080,
171,96,805.379000,96645479,
171,97,1131.395000,135767400,
171,98,2592.701000,311124120,
171,99,2324.890000,278986800,
171,103,146.324000,14400000,
171,104,129.628000,18000000,
171,105,2039.183000,244701960,
171,110,237.860000,25200000,
171,114,2019.228000,242307359,
171,117,2406.164000,288739679,
171,119,1582.713000,189925560,
171,121,1941.898000,233027760,
171,124,1574.023000,188882760,
171,126,1627.494000,195299280,
171,128,1940.384000,232846080,
171,129,1271.167000,152540040,
171,131,2132.390000,255886800,
171,133,2351.207000,282144840,
171,159,2334.835000,280180200,
171,195,324.450000,28800000,
171,196,788.110000,94573200,
171,473,374.574000,44948880,
13,50,1589.069000,190688280,
13,125,1719.826000,206379120,
13,54,1644.752000,197370240,
13,153,1669.493000,200339160,
13,168,1519.822000,182378640,
13,53,1603.807000,192456840,
13,10,530.858000,46800000,
13,11,413.593000,43200000,
13,129,116.477000,14400000,
13,143,782.612000,93913440,
13,127,691.113000,82933560,
13,24,251.908000,25200000,
13,25,146.393000,18000000,
13,12,1023.358000,93600000,
13,111,1080.759000,129691080,
13,135,589.874000,54000000,
13,171,1213.254000,145590479,
13,13,0.000000,0,
13,108,287.369000,32400000,
13,14,1993.064000,216000000,
13,15,1348.353000,108000000,
13,16,2757.197000,330863640,
13,17,716.761000,75600000,
13,18,555.068000,64800000,
13,19,1121.019000,90000000,
13,20,1341.742000,108000000,
13,21,745.819000,68400000,
13,22,2306.045000,276725400,
13,23,162.753000,18000000,
13,87,1589.598000,190751759,
13,89,1338.502000,115200000,
13,90,1390.674000,166880880,
13,91,1742.582000,209109840,
13,92,1616.718000,169200000,
13,93,1305.845000,156701400,
13,95,1316.324000,157958880,
13,96,1036.218000,124346160,
13,97,1362.235000,163468199,
13,98,1679.158000,201498960,
13,99,1754.343000,210521160,
13,103,1356.858000,108000000,
13,104,1342.446000,161093520,
13,105,1660.112000,199213440,
13,110,1450.679000,174081479,
13,114,1470.216000,176425920,
13,117,1564.217000,187706040,
13,119,1592.170000,191060400,
13,121,1339.442000,160733040,
13,124,1064.123000,127694760,
13,126,747.622000,54000000,
13,128,741.719000,57600000,
13,129,116.477000,14400000,
13,131,1289.492000,154739040,
13,133,1558.314000,186997680,
13,159,1413.844000,169661280,
13,195,1534.984000,184198079,
13,196,625.824000,75098880,
13,473,1587.393000,190487159,
108,50,1467.154000,176058480,
108,125,1615.089000,193810680,
108,54,1522.837000,182740440,
108,153,1656.950000,198834000,
108,168,1397.907000,167748840,
108,53,1588.302000,190596240,
108,10,598.475000,54000000,
108,11,481.210000,57745200,
108,129,192.790000,28800000,
108,143,850.230000,102027600,
108,127,758.731000,91047720,
108,24,359.234000,43108080,
108,25,325.818000,39098160,
108,12,1046.770000,125612400,
108,111,1104.171000,132500520,
108,135,613.286000,73594319,
108,171,1236.666000,148399920,
108,13,286.573000,32400000,
108,108,0.000000,0,
108,14,1719.716000,206365920,
108,15,1226.438000,97200000,
108,16,2635.394000,316247280,
108,17,551.338000,66160560,
108,18,433.265000,51991800,
108,19,999.104000,119892480,
108,20,1203.538000,144424560,
108,21,472.471000,46800000,
108,22,2184.242000,262109040,
108,23,219.544000,21600000,
108,87,1467.684000,176122080,
108,89,1361.914000,163429680,
108,90,1268.871000,152264520,
108,91,1469.235000,176308200,
108,92,1343.370000,161204400,
108,93,1184.042000,142085040,
108,95,1339.736000,160768320,
108,96,865.179000,103821480,
108,97,1191.195000,142943400,
108,98,1557.244000,186869280,
108,99,1632.541000,195904920,
108,103,1380.270000,165632400,
108,104,1365.858000,163902960,
108,105,1386.764000,166411679,
108,110,1474.091000,176890920,
108,114,1348.413000,161809559,
108,117,1442.414000,173089680,
108,119,1318.823000,158258760,
108,121,1217.639000,146116680,
108,124,790.776000,94893120,
108,126,625.819000,75098280,
108,128,762.861000,91543320,
108,129,192.790000,28800000,
108,131,1167.689000,140122679,
108,133,1436.399000,172367879,
108,159,1291.929000,155031479,
108,195,1558.396000,187007520,
108,196,649.236000,77908320,
108,473,1610.805000,193296600,
14,50,1655.457000,136800000,
14,125,1918.707000,230244840,
14,54,1711.140000,205336800,
14,153,1845.253000,221430359,
14,168,1586.210000,190345200,
14,53,1776.605000,213192600,
14,10,2108.153000,189660000,
14,11,2064.735000,247768200,
14,129,1897.362000,227683440,
14,143,2391.000000,286920000,
14,127,2299.501000,208800000,
14,24,1991.353000,196560000,
14,25,2077.230000,249267600,
14,12,1844.321000,180000000,
14,111,1987.984000,238558079,
14,135,1980.595000,237671400,
14,171,1989.231000,238707720,
14,13,1991.145000,216000000,
14,108,1717.151000,206058120,
14,14,0.000000,0,
14,15,1474.648000,147600000,
14,16,1002.957000,144000000,
14,17,1498.863000,162000000,
14,18,1595.996000,191519520,
14,19,1514.928000,181791360,
14,20,1658.246000,216000000,
14,21,1248.108000,149772960,
14,22,551.806000,86400000,
14,23,1936.695000,191760000,
14,87,1632.646000,195917519,
14,89,2115.898000,193500000,
14,90,982.647000,108000000,
14,91,261.893000,36000000,
14,92,417.103000,46800000,
14,93,1002.982000,111600000,
14,95,1806.765000,216811800,
14,96,1190.425000,142851000,
14,97,867.355000,93600000,
14,98,1708.266000,204991920,
14,99,584.457000,90000000,
14,103,2134.255000,256110600,
14,104,1960.608000,235272960,
14,105,400.344000,48041280,
14,110,2103.243000,252389159,
14,114,678.403000,81408360,
14,117,1331.800000,159816000,
14,119,415.061000,49807319,
14,121,796.211000,95545320,
14,124,926.955000,111234600,
14,126,1432.456000,171894720,
14,128,1821.154000,218538480,
14,129,1897.362000,227683440,
14,131,1274.687000,129600000,
14,133,1354.403000,162528359,
14,159,1450.399000,140400000,
14,195,2312.380000,277485600,
14,196,2128.429000,255411480,
14,473,2262.612000,271513440,
15,50,264.276000,28800000,
15,125,512.008000,61440960,
15,54,319.959000,38395080,
15,153,454.072000,54488639,
15,168,195.029000,23403480,
15,53,385.424000,43200000,
15,10,921.293000,79200000,
15,11,961.289000,72000000,
15,129,1240.342000,148841040,
15,143,1157.748000,138929760,
15,127,1112.641000,133516920,
15,24,1098.906000,100800000,
15,25,1202.734000,79200000,
15,12,2124.147000,190800000,
15,111,2269.088000,272290559,
15,135,1836.601000,220392120,
15,171,2327.613000,203160000,
15,13,1347.464000,108000000,
15,108,1225.712000,147085440,
15,14,1472.995000,151200000,
15,15,0.000000,3600000,
15,16,1894.007000,216000000,
15,17,1510.804000,144000000,
15,18,853.282000,82800000,
15,19,227.921000,18000000,
15,20,2163.004000,198000000,
15,21,1027.349000,100800000,
15,22,1442.855000,129600000,
15,23,1381.498000,111600000,
15,87,251.153000,36000000,
15,89,2452.861000,294343320,
15,90,533.760000,50400000,
15,91,1345.160000,144000000,
15,92,1700.182000,204021840,
15,93,473.255000,39600000,
15,95,2311.523000,277382760,
15,96,1824.645000,218957400,
15,97,1729.545000,183600000,
15,98,354.365000,39600000,
15,99,1075.715000,118800000,
15,103,2471.217000,241200000,
15,104,2456.805000,294816599,
15,105,1231.684000,108000000,
15,110,2565.038000,307804560,
15,114,795.551000,95466120,
15,117,290.144000,36000000,
15,119,1617.201000,194064120,
15,121,669.010000,80281200,
15,124,1185.778000,142293360,
15,126,767.553000,76800000,
15,128,609.564000,54000000,
15,129,1240.342000,148841040,
15,131,200.598000,21600000,
15,133,219.868000,28800000,
15,159,75.399000,10800000,
15,195,2649.343000,226800000,
15,196,1872.550000,224706000,
15,473,2701.752000,324210240,
16,50,2079.490000,249538800,
16,125,2342.740000,281128799,
16,54,2135.173000,256220760,
16,153,2269.286000,272314320,
16,168,2010.243000,241229160,
16,53,2200.638000,264076559,
16,10,2561.835000,216000000,
16,11,2518.417000,302210040,
16,129,2645.848000,317501760,
16,143,2867.351000,344082119,
16,127,2753.184000,330382080,
16,24,2656.034000,318724080,
16,25,2733.352000,328002240,
16,12,2846.396000,341567519,
16,111,2990.060000,358807200,
16,135,3242.107000,389052840,
16,171,2991.306000,358956719,
16,13,2753.573000,330428760,
16,108,2631.218000,315746159,
16,14,1005.610000,120673200,
16,15,1898.682000,180000000,
16,16,0.000000,0,
16,17,2420.354000,290442480,
16,18,2203.862000,264463440,
16,19,1938.961000,232675320,
16,20,2660.322000,319238640,
16,21,2275.090000,273010800,
16,22,413.457000,90000000,
16,23,2787.004000,334440480,
16,87,2056.679000,246801480,
16,89,3117.974000,374156880,
16,90,1369.931000,164391720,
16,91,1066.343000,127961160,
16,92,1419.179000,170301480,
16,93,1456.664000,174799680,
16,95,2808.840000,337060800,
16,96,2192.500000,263099999,
16,97,1869.430000,224331600,
16,98,2132.299000,255875880,
16,99,904.028000,108483360,
16,103,3136.330000,376359600,
16,104,2962.683000,355521960,
16,105,1076.955000,129234600,
16,110,3105.318000,372638160,
16,114,1169.080000,140289600,
16,117,1679.354000,201522480,
16,119,1417.136000,170056320,
16,121,1293.120000,155174400,
16,124,1664.644000,199757280,
16,126,2040.321000,244838520,
16,128,2274.837000,272980440,
16,129,2645.848000,317501760,
16,131,1698.721000,203846520,
16,133,1701.958000,204234960,
16,159,1874.433000,224931960,
16,195,3314.456000,397734720,
16,196,3278.056000,393366719,
16,473,3264.687000,391762439,
17,50,1725.446000,152520000,
17,125,1988.696000,238643520,
17,54,1781.129000,213735479,
17,153,1915.242000,229829040,
17,168,1656.199000,198743879,
17,53,1846.594000,221591280,
17,10,1239.770000,148772400,
17,11,1122.505000,134700600,
17,129,657.607000,78912840,
17,143,1491.525000,178983000,
17,127,1400.026000,168003120,
17,24,960.820000,115298400,
17,25,855.305000,102636600,
17,12,622.899000,50400000,
17,111,767.841000,92140920,
17,135,569.120000,68294400,
17,171,826.366000,68160000,
17,13,720.561000,79200000,
17,108,550.595000,66071400,
17,14,1498.819000,162000000,
17,15,1515.609000,144000000,
17,16,2422.262000,290671440,
17,17,0.000000,0,
17,18,848.980000,93600000,
17,19,1462.949000,175553879,
17,20,656.184000,64800000,
17,21,490.419000,46800000,
17,22,1971.110000,236533200,
17,23,575.377000,61200000,
17,87,1702.635000,204316200,
17,89,951.613000,114193560,
17,90,1392.518000,167102160,
17,91,1438.035000,172564200,
17,92,1085.717000,122400000,
17,93,1307.689000,156922680,
17,95,804.703000,96564360,
17,96,317.824000,32400000,
17,97,643.841000,68400000,
17,98,1778.255000,213390600,
17,99,1510.444000,181253280,
17,103,969.970000,79260000,
17,104,955.557000,114666840,
17,105,1355.565000,162667800,
17,110,1063.790000,127654799,
17,114,1204.781000,144573720,
17,117,1591.717000,191006040,
17,119,1095.159000,131419080,
17,121,1127.452000,135294240,
17,124,759.577000,91149240,
17,126,813.048000,76800000,
17,128,1325.587000,159070440,
17,129,657.607000,78912840,
17,131,1317.944000,129600000,
17,133,1536.760000,184411200,
17,159,1520.388000,136800000,
17,195,1148.096000,137771520,
17,196,705.117000,84614040,
17,473,1200.504000,144060480,
18,50,1095.512000,104400000,
18,125,1243.447000,149213639,
18,54,1151.195000,138143400,
18,153,1285.308000,154236960,
18,168,1026.265000,123151800,
18,53,1216.660000,105480000,
18,10,438.766000,52651919,
18,11,360.775000,43293000,
18,129,449.267000,39600000,
18,143,706.425000,84771000,
18,127,614.926000,73791119,
18,24,450.894000,54107280,
18,25,536.771000,64412519,
18,12,1479.009000,140400000,
18,111,1536.411000,184369320,
18,135,1045.526000,125463120,
18,171,1668.906000,200268719,
18,13,556.992000,54000000,
18,108,434.637000,52156439,
18,14,1599.037000,191884440,
18,15,854.796000,82800000,
18,16,2208.574000,265028880,
18,17,848.587000,90000000,
18,18,0.000000,3600000,
18,19,627.462000,43200000,
18,20,1500.788000,162000000,
18,21,448.646000,54000000,
18,22,1757.422000,210890640,
18,23,590.424000,64800000,
18,87,1096.042000,131525039,
18,89,1794.154000,215298480,
18,90,842.051000,86400000,
18,91,1317.415000,158089800,
18,92,1286.161000,154339320,
18,93,757.222000,90866639,
18,95,1649.306000,197916720,
18,96,1162.428000,122400000,
18,97,1220.726000,146487120,
18,98,1185.602000,142272240,
18,99,1205.721000,144686520,
18,103,1812.510000,217501200,
18,104,1798.098000,215771760,
18,105,1185.783000,142293960,
18,110,1906.330000,228759600,
18,114,921.593000,110591160,
18,117,1015.594000,121871280,
18,119,1261.613000,151393560,
18,121,790.819000,94898280,
18,124,733.566000,79200000,
18,126,198.999000,21600000,
18,128,391.219000,46946280,
18,129,449.267000,39600000,
18,131,740.869000,88904279,
18,133,959.686000,115162320,
18,159,943.314000,113197680,
18,195,1990.636000,238876320,
18,196,1081.475000,129776999,
18,473,2043.044000,245165280,
19,50,470.381000,46800000,
19,125,682.335000,81880200,
19,54,526.064000,63127679,
19,153,660.177000,79221240,
19,168,401.134000,48136080,
19,53,591.529000,70983480,
19,10,693.894000,61200000,
19,11,733.890000,64800000,
19,129,1012.943000,121553160,
19,143,930.349000,111641880,
19,127,885.242000,106229039,
19,24,871.507000,64800000,
19,25,975.335000,117040200,
19,12,2042.685000,180000000,
19,111,2100.087000,252010440,
19,135,1609.202000,193104240,
19,171,2232.582000,267909840,
19,13,1120.065000,90000000,
19,108,998.313000,119797559,
19,14,1516.950000,182034000,
19,15,229.665000,18000000,
19,16,1937.962000,232555440,
19,17,1460.721000,136800000,
19,18,625.883000,64800000,
19,19,0.000000,0,
19,20,2112.921000,165600000,
19,21,976.389000,79200000,
19,22,1486.810000,178417200,
19,23,1154.099000,86400000,
19,87,470.911000,56509320,
19,89,2357.829000,282939479,
19,90,577.714000,69325680,
19,91,1389.115000,166693800,
19,92,1850.713000,222085560,
19,93,517.210000,62065200,
19,95,2261.440000,271372800,
19,96,1774.561000,212947320,
19,97,1866.543000,223985160,
19,98,560.470000,67256400,
19,99,1119.670000,134360400,
19,103,2376.186000,285142320,
19,104,2361.773000,283412759,
19,105,1275.638000,153076559,
19,110,2470.006000,296400720,
19,114,839.506000,100740720,
19,117,509.901000,61188120,
19,119,1826.166000,219139920,
19,121,712.965000,85555800,
19,124,1322.775000,158733000,
19,126,650.545000,78065400,
19,128,382.165000,32400000,
19,129,1012.943000,121553160,
19,131,253.589000,30430680,
19,133,439.626000,52755120,
19,159,295.156000,35418720,
19,195,2554.311000,306517320,
19,196,1645.151000,197418120,
19,473,2606.720000,312806400,
20,50,2373.613000,284833559,
20,125,2636.864000,316423680,
20,54,2429.297000,291515640,
20,153,2563.410000,307609199,
20,168,2304.367000,276524040,
20,53,2494.762000,299371440,
20,10,1857.416000,154800000,
20,11,1740.151000,208818120,
20,129,1399.061000,167887320,
20,143,2109.171000,253100520,
20,127,2017.672000,242120640,
20,24,1578.466000,144000000,
20,25,1472.951000,121620000,
20,12,302.569000,32400000,
20,111,462.391000,55486920,
20,135,758.080000,90969600,
20,171,338.444000,28800000,
20,13,1338.207000,111600000,
20,108,1198.763000,143851559,
20,14,1654.824000,216000000,
20,15,2163.776000,198000000,
20,16,2654.314000,288000000,
20,17,655.271000,64800000,
20,18,1497.148000,108000000,
20,19,2111.117000,253334040,
20,20,0.000000,0,
20,21,1138.586000,136630320,
20,22,2203.162000,264379440,
20,23,1205.300000,93600000,
20,87,2350.802000,282096240,
20,89,465.112000,39600000,
20,90,2040.686000,244882320,
20,91,1637.356000,196482720,
20,92,1241.722000,149006640,
20,93,1955.857000,234702840,
20,95,155.979000,18000000,
20,96,473.829000,46800000,
20,97,799.845000,82800000,
20,98,2426.422000,291170640,
20,99,2043.824000,245258880,
20,103,483.468000,46800000,
20,104,309.821000,28800000,
20,105,1707.633000,204915959,
20,110,452.456000,39600000,
20,114,1852.949000,222353879,
20,117,2239.885000,268786200,
20,119,1251.163000,150139560,
20,121,1775.620000,213074399,
20,124,1407.744000,168929280,
20,126,1461.216000,175345920,
20,128,2068.277000,248193240,
20,129,1399.061000,167887320,
20,131,1966.111000,198000000,
20,133,2184.928000,262191360,
20,159,2168.556000,198000000,
20,195,661.594000,79391280,
20,196,916.003000,109920360,
20,473,611.825000,73419000,
21,50,1239.471000,111600000,
21,125,1502.721000,180326520,
21,54,1295.155000,155418600,
21,153,1429.267000,171512040,
21,168,1170.224000,140426880,
21,53,1360.619000,163274280,
21,10,863.446000,103613520,
21,11,769.380000,92325600,
21,129,651.416000,64800000,
21,143,1131.106000,135732720,
21,127,1039.607000,124752839,
21,24,779.333000,93519960,
21,25,784.443000,94133160,
21,12,1102.320000,97200000,
21,111,1247.261000,149671320,
21,135,896.795000,107615400,
21,171,1305.786000,156694320,
21,13,745.199000,68400000,
21,108,471.204000,46800000,
21,14,1249.377000,140400000,
21,15,1029.634000,97200000,
21,16,2273.066000,272767920,
21,17,488.977000,46800000,
21,18,445.605000,57600000,
21,19,977.435000,117292200,
21,20,1141.177000,108000000,
21,21,0.000000,0,
21,22,1821.914000,218629680,
21,23,690.748000,46800000,
21,87,1216.660000,145999200,
21,89,1431.034000,171724080,
21,90,906.543000,108785160,
21,91,998.895000,119867400,
21,92,873.031000,104763720,
21,93,821.715000,98605800,
21,95,1289.696000,154763520,
21,96,802.817000,57600000,
21,97,807.596000,96911520,
21,98,1292.280000,155073600,
21,99,1177.611000,141313320,
21,103,1449.390000,90000000,
21,104,1434.978000,172197359,
21,105,916.425000,109971000,
21,110,1543.211000,185185320,
21,114,893.484000,107218080,
21,117,1105.743000,132689160,
21,119,848.484000,101818080,
21,121,762.710000,91525200,
21,124,320.436000,36000000,
21,126,327.534000,39304080,
21,128,840.073000,100808760,
21,129,651.416000,64800000,
21,131,831.969000,72000000,
21,133,1050.786000,126094320,
21,159,1034.414000,68400000,
21,195,1627.516000,195301920,
21,196,1120.440000,134452800,
21,473,1679.925000,201590999,
22,50,1626.563000,195187559,
22,125,1889.813000,226777560,
22,54,1682.246000,201869520,
22,153,1816.359000,217963080,
22,168,1557.316000,186877920,
22,53,1747.711000,209725320,
22,10,2108.908000,253068959,
22,11,2065.490000,247858800,
22,129,2192.920000,263150400,
22,143,2414.423000,289730759,
22,127,2300.256000,276030719,
22,24,2203.107000,264372839,
22,25,2280.425000,273651000,
22,12,2393.469000,244800000,
22,111,2537.132000,304455840,
22,135,2789.179000,334701480,
22,171,2538.379000,304605480,
22,13,2300.645000,212400000,
22,108,2178.291000,261394920,
22,14,552.683000,86400000,
22,15,1445.754000,129600000,
22,16,411.965000,90000000,
22,17,1967.427000,236091240,
22,18,1750.935000,126000000,
22,19,1486.034000,178324079,
22,20,2207.394000,244800000,
22,21,1822.162000,218659440,
22,22,0.000000,0,
22,23,2334.077000,280089240,
22,87,1603.752000,192450240,
22,89,2665.046000,319805519,
22,90,917.004000,110040479,
22,91,613.416000,73609920,
22,92,966.251000,108000000,
22,93,1003.737000,96960000,
22,95,2355.913000,282709560,
22,96,1739.573000,162000000,
22,97,1416.503000,169980360,
22,98,1679.372000,201524640,
22,99,451.101000,54132120,
22,103,2683.403000,322008360,
22,104,2509.756000,301170719,
22,105,624.028000,74883360,
22,110,2652.391000,318286919,
22,114,716.152000,85938240,
22,117,1226.427000,147171240,
22,119,964.209000,115705079,
22,121,840.192000,100823040,
22,124,1211.716000,145405920,
22,126,1587.394000,190487280,
22,128,1821.909000,218629079,
22,129,2192.920000,263150400,
22,131,1245.793000,109020000,
22,133,1249.031000,149883720,
22,159,1421.505000,119820000,
22,195,2861.528000,288000000,
22,196,2825.129000,339015480,
22,473,2811.760000,337411200,
23,50,1618.183000,194181960,
23,125,1766.119000,211934280,
23,54,1673.867000,200864040,
23,153,1807.979000,216957480,
23,168,1548.936000,185872320,
23,53,1739.331000,208719720,
23,10,683.096000,64800000,
23,11,565.831000,50580000,
23,129,193.761000,25200000,
23,143,934.851000,112182120,
23,127,843.352000,101202240,
23,24,404.146000,43200000,
23,25,298.631000,36000000,
23,12,892.631000,79200000,
23,111,950.033000,114003960,
23,135,459.148000,39600000,
23,171,1082.528000,129903359,
23,13,163.887000,18000000,
23,108,219.769000,25200000,
23,14,1938.037000,216000000,
23,15,1377.467000,111600000,
23,16,2786.423000,334370760,
23,17,572.578000,57600000,
23,18,584.294000,64800000,
23,19,1150.133000,97200000,
23,20,1211.015000,82800000,
23,21,690.792000,54000000,
23,22,2335.271000,280232520,
23,23,0.000000,0,
23,87,1618.713000,194245560,
23,89,1207.776000,144933120,
23,90,1419.900000,170388000,
23,91,1687.555000,202506600,
23,92,1561.691000,187402920,
23,93,1335.071000,160208520,
23,95,1185.598000,142271760,
23,96,892.036000,107044320,
23,97,1218.052000,146166239,
23,98,1708.273000,204992760,
23,99,1783.570000,214028399,
23,103,1226.132000,147135840,
23,104,1211.720000,145406400,
23,105,1605.085000,192610200,
23,110,1319.952000,158394240,
23,114,1499.442000,179933040,
23,117,1593.443000,191213160,
23,119,1537.144000,184457280,
23,121,1368.668000,164240159,
23,124,1009.096000,121091520,
23,126,776.848000,93221760,
23,128,893.958000,107274960,
23,129,193.761000,25200000,
23,131,1318.718000,158246159,
23,133,1587.428000,190491360,
23,159,1442.958000,173154960,
23,195,1404.258000,168510959,
23,196,495.097000,59411640,
23,473,1456.666000,174799920,
87,50,148.828000,25200000,
87,125,393.701000,47244120,
87,54,188.411000,22609319,
87,153,320.247000,38429640,
87,168,134.755000,16170600,
87,53,251.599000,30191880,
87,10,1158.473000,139016760,
87,11,1198.470000,143816400,
87,129,1477.522000,177302640,
87,143,1394.928000,167391360,
87,127,1349.821000,161978520,
87,24,1336.087000,160330440,
87,25,1439.914000,172789680,
87,12,2315.391000,277846920,
87,111,2460.332000,295239840,
87,135,2073.781000,248853719,
87,171,2518.857000,302262840,
87,13,1584.645000,190157400,
87,108,1462.893000,175547159,
87,14,1635.232000,196227840,
87,15,247.212000,36000000,
87,16,2056.244000,246749280,
87,17,1702.048000,204245759,
87,18,1090.463000,130855559,
87,19,465.102000,55812240,
87,20,2354.248000,282509760,
87,21,1218.592000,146231039,
87,22,1605.092000,192611040,
87,23,1618.679000,194241479,
87,87,0.000000,0,
87,89,2644.105000,317292600,
87,90,695.997000,83519640,
87,91,1507.397000,180887640,
87,92,1862.419000,223490280,
87,93,635.492000,76259040,
87,95,2502.767000,300332040,
87,96,2015.888000,241906559,
87,97,1920.789000,230494680,
87,98,88.514000,10800000,
87,99,1237.952000,148554240,
87,103,2662.461000,319495320,
87,104,2648.049000,317765880,
87,105,1393.921000,167270520,
87,110,2756.281000,330753719,
87,114,957.788000,114934560,
87,117,210.735000,25288200,
87,119,1779.437000,213532440,
87,121,831.247000,99749640,
87,124,1377.022000,165242640,
87,126,958.797000,115055640,
87,128,846.744000,101609280,
87,129,1477.522000,177302640,
87,131,379.204000,45504480,
87,133,167.116000,25200000,
87,159,187.667000,21600000,
87,195,2840.587000,340870440,
87,196,2109.731000,253167720,
87,473,2892.995000,347159400,
89,50,2663.767000,319652040,
89,125,2927.017000,351242040,
89,54,2719.450000,326334000,
89,153,2853.563000,342427560,
89,168,2594.520000,311342400,
89,53,2784.915000,180000000,
89,10,1853.398000,222407760,
89,11,1736.132000,208335840,
89,129,1395.042000,167405040,
89,143,2105.152000,252618240,
89,127,2013.653000,241638359,
89,24,1574.448000,188933759,
89,25,1468.933000,176271960,
89,12,326.204000,32400000,
89,111,196.159000,23539080,
89,135,754.061000,90487320,
89,171,127.400000,14400000,
89,13,1334.189000,108000000,
89,108,1360.236000,163228320,
89,14,2073.511000,193320000,
89,15,2453.930000,219600000,
89,16,3073.001000,368760119,
89,17,947.911000,79200000,
89,18,1785.576000,214269120,
89,19,2443.559000,293227080,
89,20,461.163000,36000000,
89,21,1428.740000,171448800,
89,22,2621.850000,314622000,
89,23,1201.282000,104400000,
89,87,2640.956000,316914720,
89,89,0.000000,0,
89,90,2330.839000,279700680,
89,91,2056.043000,246725159,
89,92,1660.409000,199249079,
89,93,2246.010000,198000000,
89,95,345.423000,41450760,
89,96,892.516000,107101920,
89,97,1218.532000,146223840,
89,98,2716.576000,325989119,
89,99,2448.765000,252000000,
89,103,31.517000,7200000,
89,104,193.259000,23191080,
89,105,2126.321000,255158519,
89,110,197.775000,28800000,
89,114,2143.103000,257172360,
89,117,2530.038000,303604560,
89,119,1669.851000,200382120,
89,121,2065.773000,247892759,
89,124,1697.898000,203747759,
89,126,1751.369000,210164280,
89,128,2064.259000,247711080,
89,129,1395.042000,167405040,
89,131,2256.265000,270751800,
89,133,2475.082000,297009840,
89,159,2458.710000,210720000,
89,195,209.643000,25157160,
89,196,911.985000,109438200,
89,473,334.489000,40138680,
90,50,718.792000,64800000,
90,125,982.042000,117845039,
90,54,774.476000,92937120,
90,153,908.588000,109030560,
90,168,649.545000,77945400,
90,53,839.940000,100792800,
90,10,1193.225000,143187000,
90,11,1149.806000,137976720,
90,129,1277.237000,153268440,
90,143,1506.653000,180798359,
90,127,1384.573000,166148759,
90,24,1287.423000,154490760,
90,25,1364.741000,163768920,
90,12,2003.277000,240393240,
90,111,2148.219000,257786279,
90,135,1873.496000,224819520,
90,171,2206.743000,264809160,
90,13,1384.962000,166195440,
90,108,1262.607000,151512840,
90,14,982.570000,111600000,
90,15,537.984000,50400000,
90,16,1367.739000,164128680,
90,17,1389.934000,166792080,
90,18,835.252000,100230239,
90,19,578.263000,69391560,
90,20,2042.135000,245056200,
90,21,906.479000,108777479,
90,22,916.587000,100800000,
90,23,1418.394000,170207280,
90,87,695.981000,83517720,
90,89,2331.991000,279838920,
90,90,0.000000,0,
90,91,854.735000,102568200,
90,92,1209.757000,145170840,
90,93,88.053000,14400000,
90,95,2190.653000,262878360,
90,96,1703.775000,204453000,
90,97,1390.412000,166849440,
90,98,771.601000,92592120,
90,99,549.447000,68400000,
90,103,2350.348000,282041760,
90,104,2335.935000,280312200,
90,105,741.259000,88951080,
90,110,2444.168000,293300159,
90,114,305.126000,28800000,
90,117,352.770000,42332399,
90,119,1126.775000,135213000,
90,121,195.826000,21600000,
90,124,847.404000,101688480,
90,126,671.711000,80605320,
90,128,906.226000,108747120,
90,129,1277.237000,153268440,
90,131,338.023000,18000000,
90,133,375.374000,45044880,
90,159,513.735000,43200000,
90,195,2528.473000,303416760,
90,196,1909.445000,229133399,
90,473,2580.882000,309705840,
91,50,1522.032000,182643840,
91,125,1785.282000,214233840,
91,54,1577.715000,189325800,
91,153,1711.828000,205419360,
91,168,1452.785000,174334200,
91,53,1643.180000,197181600,
91,10,1974.728000,236967359,
91,11,1732.998000,207959760,
91,129,1648.960000,197875200,
91,143,2028.092000,243371040,
91,127,1936.593000,232391160,
91,24,1742.951000,209154120,
91,25,1828.828000,219459360,
91,12,1825.156000,219018720,
91,111,1968.820000,236258399,
91,135,1961.431000,235371720,
91,171,1970.066000,236407920,
91,13,1742.743000,209129160,
91,108,1468.749000,176249880,
91,14,261.610000,36000000,
91,15,1341.224000,128700000,
91,16,1063.685000,127642200,
91,17,1434.263000,172111560,
91,18,1324.058000,158886960,
91,19,1381.503000,165780360,
91,20,1639.082000,196689840,
91,21,999.706000,119964720,
91,22,612.533000,73503960,
91,23,1688.292000,202595040,
91,87,1499.221000,179906520,
91,89,2096.734000,251608079,
91,90,849.223000,101906760,
91,91,0.000000,0,
91,92,397.939000,36000000,
91,93,869.557000,104346840,
91,95,1787.601000,214512120,
91,96,1171.260000,140551200,
91,97,848.190000,101782800,
91,98,1574.841000,188980920,
91,99,451.032000,54123840,
91,103,2115.090000,253810800,
91,104,1941.443000,232973159,
91,105,138.524000,18000000,
91,110,2084.078000,250089360,
91,114,544.978000,65397360,
91,117,1198.375000,143805000,
91,119,395.896000,47507519,
91,121,662.786000,79534320,
91,124,678.553000,81426360,
91,126,1160.518000,139262160,
91,128,1687.730000,202527600,
91,129,1648.960000,197875200,
91,131,1141.263000,136951560,
91,133,1220.979000,146517480,
91,159,1316.975000,124440000,
91,195,2293.216000,275185920,
91,196,2084.076000,250089120,
91,473,2243.447000,269213640,
92,50,1877.258000,225270959,
92,125,2140.508000,256860959,
92,54,1932.941000,231952919,
92,153,2067.054000,248046480,
92,168,1808.011000,216961320,
92,53,1998.406000,239808720,
92,10,1700.357000,204042840,
92,11,1606.290000,192754800,
92,129,1522.253000,182670360,
92,143,1968.016000,236161920,
92,127,1876.517000,225182040,
92,24,1616.243000,193949160,
92,25,1702.121000,204254520,
92,12,1429.971000,139860000,
92,111,1573.635000,188836200,
92,135,1566.246000,187949520,
92,171,1574.881000,188985720,
92,13,1616.036000,163980000,
92,108,1342.042000,161045040,
92,14,417.258000,50400000,
92,15,1696.450000,180000000,
92,16,1416.749000,172800000,
92,17,1084.514000,115200000,
92,18,1282.515000,153901800,
92,19,1851.227000,222147240,
92,20,1243.897000,133200000,
92,21,872.998000,104759760,
92,22,965.597000,144000000,
92,23,1561.585000,176400000,
92,87,1854.447000,222533640,
92,89,1701.549000,204185880,
92,90,1204.449000,144533879,
92,91,399.791000,43200000,
92,92,0.000000,0,
92,93,1224.783000,146973960,
92,95,1392.416000,167089920,
92,96,776.075000,64800000,
92,97,453.006000,50400000,
92,98,1930.067000,231608040,
92,99,806.258000,96750960,
92,103,1719.905000,206388600,
92,104,1546.259000,185551080,
92,105,470.068000,56408160,
92,110,1688.894000,202667280,
92,114,900.204000,108024480,
92,117,1553.601000,186432120,
92,119,26.197000,7200000,
92,121,1018.012000,122161439,
92,124,551.846000,66221519,
92,126,1164.445000,139733400,
92,128,1676.984000,201238079,
92,129,1522.253000,182670360,
92,131,1496.489000,179578680,
92,133,1576.205000,189144600,
92,159,1672.201000,200664120,
92,195,1898.031000,227763720,
92,196,1714.080000,205689599,
92,473,1848.263000,221791559,
93,50,653.702000,54000000,
93,125,916.952000,110034240,
93,54,709.386000,85126320,
93,153,843.498000,101219760,
93,168,584.455000,70134600,
93,53,774.850000,92982000,
93,10,1106.399000,132767879,
93,11,1062.980000,127557600,
93,129,1190.411000,142849320,
93,143,1389.246000,166709520,
93,127,1297.747000,155729640,
93,24,1200.597000,144071640,
93,25,1277.915000,153349800,
93,12,1916.451000,229974120,
93,111,2061.393000,247367160,
93,135,1786.670000,214400400,
93,171,2119.917000,254390040,
93,13,1298.136000,155776320,
93,108,1175.781000,141093719,
93,14,1003.302000,120396240,
93,15,472.894000,36000000,
93,16,1454.913000,174589560,
93,17,1303.108000,156372959,
93,18,748.426000,89811120,
93,19,513.173000,61580760,
93,20,1955.309000,234637080,
93,21,819.653000,98358360,
93,22,1003.762000,98280000,
93,23,1331.568000,159788160,
93,87,630.891000,75706920,
93,89,2245.165000,269419800,
93,90,88.390000,14400000,
93,91,875.467000,105056040,
93,92,1230.489000,147658680,
93,93,0.000000,0,
93,95,2103.827000,252459240,
93,96,1616.949000,194033879,
93,97,1521.849000,182621880,
93,98,706.511000,84781320,
93,99,609.986000,73198320,
93,103,2263.521000,271622520,
93,104,2249.109000,269893080,
93,105,761.990000,91438800,
93,110,2357.342000,282881040,
93,114,325.858000,39102960,
93,117,347.393000,41687160,
93,119,1147.507000,137700840,
93,121,199.317000,23918040,
93,124,978.082000,117369840,
93,126,584.885000,70186200,
93,128,819.400000,98328000,
93,129,1190.411000,142849320,
93,131,272.933000,25200000,
93,133,369.996000,44399520,
93,159,448.645000,36000000,
93,195,2441.647000,292997640,
93,196,1822.619000,218714280,
93,473,2494.056000,299286720,
95,50,2523.439000,302812680,
95,125,2786.690000,334402800,
95,54,2579.123000,309494760,
95,153,2713.236000,325588320,
95,168,2454.193000,294503160,
95,53,2644.588000,317350559,
95,10,1831.125000,219735000,
95,11,1713.860000,205663199,
95,129,1372.769000,164732280,
95,143,2082.879000,249945480,
95,127,1991.380000,238965600,
95,24,1552.175000,186260999,
95,25,1446.660000,173599200,
95,12,303.932000,36471840,
95,111,436.100000,52332000,
95,135,731.789000,87814680,
95,171,217.685000,26122200,
95,13,1311.916000,157429920,
95,108,1337.963000,160555560,
95,14,1804.650000,216558000,
95,15,2313.602000,277632240,
95,16,2804.140000,234000000,
95,17,805.097000,96611640,
95,18,1646.974000,197636880,
95,19,2260.943000,271313159,
95,20,152.475000,18000000,
95,21,1288.412000,154609440,
95,22,2352.988000,282358559,
95,23,1179.009000,141481080,
95,87,2500.628000,300075360,
95,89,344.353000,41322360,
95,90,2190.512000,262861440,
95,91,1787.182000,214461840,
95,92,1391.548000,166985759,
95,93,2105.683000,252681959,
95,95,0.000000,0,
95,96,623.655000,74838600,
95,97,949.671000,113960520,
95,98,2576.248000,309149760,
95,99,2193.650000,263238000,
95,103,362.709000,43525080,
95,104,189.062000,21600000,
95,105,1857.459000,222895079,
95,110,331.697000,32400000,
95,114,2002.775000,240333000,
95,117,2389.711000,286765320,
95,119,1400.990000,168118800,
95,121,1925.446000,231053520,
95,124,1557.570000,186908400,
95,126,1611.042000,193325040,
95,128,2041.986000,245038320,
95,129,1372.769000,164732280,
95,131,2115.937000,253912440,
95,133,2334.754000,280170480,
95,159,2318.382000,278205840,
95,195,540.835000,64900200,
95,196,889.712000,106765440,
95,473,491.066000,58927919,
96,50,2033.073000,243968759,
96,125,2296.323000,275558760,
96,54,2088.757000,250650840,
96,153,2222.869000,266744280,
96,168,1963.826000,235659119,
96,53,2154.221000,258506520,
96,10,1553.048000,186365759,
96,11,1435.783000,172293959,
96,129,970.885000,116506200,
96,143,1804.802000,216576240,
96,127,1713.303000,205596359,
96,24,1274.098000,152891760,
96,25,1168.583000,140229960,
96,12,660.188000,79222560,
96,111,803.852000,96462240,
96,135,796.463000,95575560,
96,171,805.098000,96611760,
96,13,1033.839000,124060680,
96,108,858.222000,102986640,
96,14,1187.829000,129600000,
96,15,1823.236000,218788320,
96,16,2187.319000,262478280,
96,17,314.731000,32400000,
96,18,1156.608000,138792960,
96,19,1770.577000,212469240,
96,20,474.114000,36000000,
96,21,798.046000,95765520,
96,22,1736.167000,208340040,
96,23,888.655000,106638599,
96,87,2010.262000,241231440,
96,89,931.766000,111811920,
96,90,1700.145000,204017400,
96,91,1170.361000,140443320,
96,92,774.727000,92967240,
96,93,1615.317000,193838040,
96,95,622.632000,74715839,
96,96,0.000000,0,
96,97,332.850000,39600000,
96,98,2085.882000,250305839,
96,99,1576.829000,189219480,
96,103,950.122000,114014639,
96,104,776.475000,93177000,
96,105,1240.639000,148876680,
96,110,919.110000,110293200,
96,114,1512.409000,181489080,
96,117,1899.345000,227921400,
96,119,784.169000,94100280,
96,121,1435.079000,172209480,
96,124,881.143000,105737160,
96,126,1120.675000,134481000,
96,128,1633.215000,195985800,
96,129,970.885000,116506200,
96,131,1625.571000,195068520,
96,133,1844.388000,221326560,
96,159,1828.016000,219361920,
96,195,1128.248000,135389760,
96,196,944.297000,113315640,
96,473,1078.479000,129417480,
97,50,1940.299000,232835879,
97,125,2203.549000,264425880,
97,54,1995.983000,239517959,
97,153,2130.095000,255611399,
97,168,1871.052000,224526240,
97,53,2061.447000,247373640,
97,10,1633.857000,196062840,
97,11,1763.785000,211654200,
97,129,1298.886000,155866320,
97,143,2132.804000,255936480,
97,127,2041.305000,244956600,
97,24,1602.100000,192251999,
97,25,1496.585000,179590200,
97,12,988.190000,100800000,
97,111,1131.854000,135822480,
97,135,1124.465000,134935800,
97,171,1133.100000,135972000,
97,13,1361.841000,133200000,
97,108,1186.224000,142346880,
97,14,864.275000,108000000,
97,15,1730.462000,207655440,
97,16,1863.765000,223651800,
97,17,642.732000,68400000,
97,18,1216.016000,145921920,
97,19,1865.616000,223873920,
97,20,802.116000,82800000,
97,21,806.499000,96779880,
97,22,1412.613000,169513559,
97,23,1216.656000,100800000,
97,87,1917.488000,230098559,
97,89,1259.767000,151172040,
97,90,1390.335000,166840200,
97,91,846.807000,101616840,
97,92,451.173000,46800000,
97,93,1334.379000,160125479,
97,95,950.634000,114076079,
97,96,334.294000,32400000,
97,97,0.000000,0,
97,98,1993.108000,239172959,
97,99,1253.275000,150393000,
97,103,1278.124000,153374880,
97,104,1104.477000,132537239,
97,105,917.084000,110050079,
97,110,1247.112000,149653440,
97,114,1195.361000,143443320,
97,117,1806.571000,216788520,
97,119,460.614000,55273680,
97,121,1134.854000,136182480,
97,124,537.819000,64538279,
97,126,1097.945000,131753399,
97,128,1610.485000,193258199,
97,129,1298.886000,155866320,
97,131,1532.797000,183935640,
97,133,1751.614000,210193680,
97,159,1735.242000,208229040,
97,195,1456.250000,174750000,
97,196,1272.298000,152675760,
97,473,1406.481000,168777720,
98,50,137.429000,16491480,
98,125,380.558000,45666960,
98,54,139.404000,16728480,
98,153,307.104000,36852480,
98,168,160.379000,19245480,
98,53,238.456000,28614719,
98,10,1249.707000,149964839,
98,11,1289.704000,154764480,
98,129,1568.756000,188250720,
98,143,1486.162000,178339440,
98,127,1441.055000,172926600,
98,24,1427.320000,171278399,
98,25,1531.148000,183737760,
98,12,2391.373000,286964760,
98,111,2536.315000,304357800,
98,135,2165.015000,259801799,
98,171,2594.839000,311380680,
98,13,1675.879000,201105479,
98,108,1554.126000,186495120,
98,14,1711.215000,205345799,
98,15,354.015000,43200000,
98,16,2132.226000,255867120,
98,17,1778.030000,213363600,
98,18,1181.696000,141803520,
98,19,556.336000,66760320,
98,20,2430.231000,291627720,
98,21,1294.575000,155349000,
98,22,1681.074000,201728879,
98,23,1709.913000,205189560,
98,87,88.167000,10800000,
98,89,2720.087000,326410440,
98,90,771.979000,92637480,
98,91,1583.379000,190005480,
98,92,1938.402000,232608240,
98,93,711.475000,85377000,
98,95,2578.749000,309449880,
98,96,2091.871000,251024520,
98,97,1996.771000,239612520,
98,98,0.000000,0,
98,99,1313.935000,157672200,
98,103,2738.444000,328613280,
98,104,2724.031000,326883720,
98,105,1469.903000,176388359,
98,110,2832.264000,339871680,
98,114,1033.771000,124052519,
98,117,273.896000,36000000,
98,119,1855.420000,222650400,
98,121,907.230000,108867600,
98,124,1453.004000,174360479,
98,126,1034.779000,124173479,
98,128,937.978000,112557360,
98,129,1568.756000,188250720,
98,131,455.187000,54622439,
98,133,230.278000,27633360,
98,159,263.650000,31637999,
98,195,2916.569000,349988280,
98,196,2200.964000,264115680,
98,473,2968.978000,356277360,
99,50,1258.822000,151058640,
99,125,1522.072000,182648640,
99,54,1314.505000,157740600,
99,153,1448.618000,173834160,
99,168,1189.575000,142749000,
99,53,1379.970000,165596400,
99,10,1741.167000,208940040,
99,11,1697.749000,203729880,
99,129,1645.557000,197466840,
99,143,2046.683000,245601960,
99,127,1932.515000,231901800,
99,24,1647.184000,197662080,
99,25,1733.061000,207967320,
99,12,2119.776000,254373120,
99,111,2264.717000,271766040,
99,135,2065.996000,247919520,
99,171,2323.242000,278789040,
99,13,1753.282000,210393840,
99,108,1524.099000,182891880,
99,14,585.750000,75600000,
99,15,1078.014000,118800000,
99,16,901.695000,108203400,
99,17,1506.433000,180771960,
99,18,1203.572000,144428639,
99,19,1118.293000,134195160,
99,20,2054.080000,246489599,
99,21,1087.024000,130442880,
99,22,450.543000,54065160,
99,23,1786.714000,214405680,
99,87,1236.011000,148321320,
99,89,2448.490000,293818800,
99,90,549.263000,68400000,
99,91,457.915000,54949800,
99,92,812.937000,93600000,
99,93,635.996000,76319520,
99,95,2202.599000,264311880,
99,96,1586.258000,190350959,
99,97,1263.188000,151582560,
99,98,1311.631000,157395720,
99,99,0.000000,0,
99,103,2466.846000,296021520,
99,104,2356.442000,282773040,
99,105,344.438000,57600000,
99,110,2499.077000,299889240,
99,114,285.978000,28800000,
99,117,858.686000,103042320,
99,119,810.894000,97307280,
99,121,403.786000,48454320,
99,124,866.755000,104010600,
99,126,1040.031000,124803719,
99,128,1454.169000,174500280,
99,129,1645.557000,197466840,
99,131,878.053000,105366360,
99,133,881.290000,105754800,
99,159,1053.765000,126451800,
99,195,2644.972000,317396640,
99,196,2156.245000,258749399,
99,473,2697.381000,323685720,
103,50,2681.921000,321830519,
103,125,2945.171000,353420520,
103,54,2737.604000,328512480,
103,153,2871.717000,344606040,
103,168,2612.674000,313520880,
103,53,2803.069000,336368280,
103,10,1871.552000,224586240,
103,11,1754.286000,210514320,
103,129,1413.196000,169583520,
103,143,2123.306000,254796720,
103,127,2031.807000,243816840,
103,24,1592.602000,191112240,
103,25,1487.086000,178450320,
103,12,344.358000,39600000,
103,111,207.772000,24932640,
103,135,772.215000,92665800,
103,171,145.554000,10800000,
103,13,1352.343000,110940000,
103,108,1378.390000,165406800,
103,14,2091.665000,144000000,
103,15,2472.084000,190800000,
103,16,3091.155000,370938600,
103,17,966.065000,78420000,
103,18,1803.729000,216447480,
103,19,2461.713000,295405559,
103,20,479.317000,57518040,
103,21,1446.894000,173627280,
103,22,2640.003000,316800359,
103,23,1219.435000,146332200,
103,87,2659.110000,319093200,
103,89,31.554000,7200000,
103,90,2348.993000,281879160,
103,91,2074.197000,248903640,
103,92,1678.563000,201427559,
103,93,2264.164000,271699680,
103,95,363.577000,28800000,
103,96,910.670000,109280399,
103,97,1236.686000,148402320,
103,98,2734.730000,328167600,
103,99,2466.919000,296030280,
103,103,0.000000,0,
103,104,202.028000,21600000,
103,105,2144.474000,257336880,
103,110,206.544000,25200000,
103,114,2161.256000,259350720,
103,117,2548.192000,305783040,
103,119,1688.005000,202560600,
103,121,2083.927000,250071240,
103,124,1716.052000,205926240,
103,126,1769.523000,212342760,
103,128,2082.413000,249889559,
103,129,1413.196000,169583520,
103,131,2274.419000,272930280,
103,133,2493.235000,299188200,
103,159,2476.863000,297223560,
103,195,179.250000,25200000,
103,196,930.138000,111616560,
103,473,343.258000,41190960,
104,50,2669.683000,320361960,
104,125,2932.934000,351952080,
104,54,2725.367000,327044040,
104,153,2859.480000,343137600,
104,168,2600.437000,312052439,
104,53,2790.831000,334899720,
104,10,1859.314000,223117679,
104,11,1742.049000,209045880,
104,129,1400.959000,168115079,
104,143,2111.069000,253328280,
104,127,2019.570000,242348400,
104,24,1580.364000,189643680,
104,25,1474.849000,176981880,
104,12,332.121000,39854519,
104,111,357.444000,42893280,
104,135,759.978000,91197360,
104,171,131.092000,18000000,
104,13,1340.105000,160812600,
104,108,1366.152000,163938240,
104,14,1956.986000,234838320,
104,15,2459.846000,295181520,
104,16,2956.476000,354777119,
104,17,953.828000,114459360,
104,18,1791.492000,214979040,
104,19,2449.475000,293937000,
104,20,304.811000,28800000,
104,21,1434.656000,172158720,
104,22,2505.324000,300638880,
104,23,1207.198000,144863760,
104,87,2646.872000,317624640,
104,89,194.452000,23334240,
104,90,2336.756000,280410719,
104,91,1939.518000,232742160,
104,92,1543.884000,185266080,
104,93,2251.927000,270231240,
104,95,189.071000,21600000,
104,96,775.991000,93118920,
104,97,1102.007000,132240840,
104,98,2722.492000,326699040,
104,99,2345.986000,281518320,
104,103,203.237000,21600000,
104,104,0.000000,0,
104,105,2009.796000,241175520,
104,110,144.360000,14400000,
104,114,2149.019000,257882280,
104,117,2535.955000,304314599,
104,119,1553.326000,186399120,
104,121,2071.690000,248602800,
104,124,1703.814000,204457680,
104,126,1757.286000,210874320,
104,128,2070.175000,248421000,
104,129,1400.959000,168115079,
104,131,2262.181000,271461720,
104,133,2480.998000,297719760,
104,159,2464.626000,295755120,
104,195,372.926000,44751120,
104,196,917.901000,110148120,
104,473,303.728000,36447360,
105,50,1408.447000,169013640,
105,125,1671.697000,200603640,
105,54,1464.131000,175695720,
105,153,1598.243000,191789160,
105,168,1339.200000,160704000,
105,53,1529.595000,183551400,
105,10,1627.498000,195299759,
105,11,1549.507000,185940840,
105,129,1566.593000,187991160,
105,143,1895.158000,227418959,
105,127,1803.659000,216439080,
105,24,1660.584000,199270079,
105,25,1746.461000,209575320,
105,12,1965.239000,235828679,
105,111,2110.181000,253221720,
105,135,1911.460000,229375200,
105,171,2042.048000,245045759,
105,13,1660.376000,199245120,
105,108,1386.382000,166365840,
105,14,402.051000,36000000,
105,15,1227.639000,147316679,
105,16,1073.389000,128806679,
105,17,1351.896000,162227520,
105,18,1191.124000,142934880,
105,19,1267.918000,152150160,
105,20,1711.063000,205327560,
105,21,917.339000,110080680,
105,22,622.238000,74668560,
105,23,1605.926000,192711120,
105,87,1385.636000,166276320,
105,89,2168.715000,260245800,
105,90,735.638000,61200000,
105,91,140.514000,18000000,
105,92,469.921000,56390520,
105,93,755.972000,90716640,
105,95,1859.582000,223149840,
105,96,1243.242000,149189040,
105,97,920.172000,110420640,
105,98,1461.256000,175350720,
105,99,337.447000,54000000,
105,103,2187.072000,262448640,
105,104,2013.425000,241610999,
105,105,0.000000,0,
105,110,2156.060000,258727200,
105,114,431.393000,51767160,
105,117,1084.790000,130174800,
105,119,467.878000,56145360,
105,121,549.201000,65904120,
105,124,596.186000,71542320,
105,126,1027.583000,123309960,
105,128,1574.145000,188897400,
105,129,1566.593000,187991160,
105,131,1027.678000,123321360,
105,133,1107.394000,132887280,
105,159,1203.390000,144406800,
105,195,2365.197000,283823640,
105,196,2001.709000,240205079,
105,473,2315.429000,277851480,
110,50,2777.875000,333345000,
110,125,3041.125000,364935000,
110,54,2833.559000,340027080,
110,153,2967.672000,356120640,
110,168,2708.628000,325035359,
110,53,2899.023000,347882759,
110,10,1967.506000,236100720,
110,11,1850.241000,222028920,
110,129,1509.151000,181098120,
110,143,2219.261000,266311319,
110,127,2127.762000,255331440,
110,24,1688.556000,202626720,
110,25,1583.041000,189964920,
110,12,440.313000,46800000,
110,111,402.535000,48304200,
110,135,868.170000,104180400,
110,171,239.284000,25200000,
110,13,1448.297000,173795640,
110,108,1474.344000,176921280,
110,14,2100.348000,205200000,
110,15,2568.038000,226800000,
110,16,3099.838000,371980559,
110,17,1062.020000,127442400,
110,18,1899.684000,227962080,
110,19,2557.667000,306920040,
110,20,448.173000,36000000,
110,21,1542.848000,185141760,
110,22,2648.686000,317842319,
110,23,1315.390000,157846800,
110,87,2755.064000,330607680,
110,89,199.609000,18000000,
110,90,2444.947000,293393640,
110,91,2082.880000,249945600,
110,92,1687.246000,202469520,
110,93,2360.119000,283214280,
110,95,332.433000,28800000,
110,96,919.353000,110322360,
110,97,1245.369000,149444280,
110,98,2830.684000,339682080,
110,99,2489.348000,298721760,
110,103,208.394000,25200000,
110,104,143.362000,14400000,
110,105,2153.157000,258378840,
110,110,0.000000,0,
110,114,2257.211000,270865320,
110,117,2644.147000,317297640,
110,119,1696.687000,203602440,
110,121,2179.881000,261585720,
110,124,1812.006000,217440720,
110,126,1865.478000,223857359,
110,128,2178.367000,261404040,
110,129,1509.151000,181098120,
110,131,2370.373000,284444760,
110,133,2589.190000,310702800,
110,159,2572.818000,308738160,
110,195,268.097000,32171639,
110,196,1026.093000,123131160,
110,473,160.050000,13920000,
114,50,977.056000,117246720,
114,125,1240.306000,148836720,
114,54,1032.739000,123928680,
114,153,1166.852000,140022240,
114,168,907.809000,108937079,
114,53,1098.204000,131784480,
114,10,1429.752000,171570240,
114,11,1386.334000,166360079,
114,129,1359.581000,163149720,
114,143,1712.600000,205512000,
114,127,1621.101000,194532120,
114,24,1361.208000,163344960,
114,25,1447.085000,173650200,
114,12,1812.549000,217505880,
114,111,1957.491000,234898920,
114,135,1758.770000,211052400,
114,171,2016.016000,241921920,
114,13,1467.306000,176076720,
114,108,1344.951000,161394120,
114,14,678.692000,54000000,
114,15,796.248000,79200000,
114,16,1167.052000,140046240,
114,17,1199.206000,143904720,
114,18,917.596000,110111520,
114,19,836.527000,100383239,
114,20,1851.407000,222168840,
114,21,891.410000,106969200,
114,22,715.900000,85908000,
114,23,1500.738000,180088559,
114,87,954.245000,114509400,
114,89,2141.263000,256951560,
114,90,304.247000,36000000,
114,91,550.857000,66102839,
114,92,905.879000,108705479,
114,93,324.581000,36000000,
114,95,1999.925000,239990999,
114,96,1513.047000,181565640,
114,97,1201.866000,144223920,
114,98,1029.865000,123583800,
114,99,285.376000,34245119,
114,103,2159.620000,259154399,
114,104,2145.207000,257424840,
114,105,437.381000,52485719,
114,110,2253.440000,270412800,
114,114,0.000000,0,
114,117,653.399000,78407880,
114,119,903.837000,108460440,
114,121,117.810000,21600000,
114,124,639.771000,76772519,
114,126,754.055000,90486600,
114,128,1142.754000,137130480,
114,129,1359.581000,163149720,
114,131,596.287000,71554440,
114,133,676.003000,81120360,
114,159,771.999000,92639879,
114,195,2337.745000,280529399,
114,196,1991.789000,239014680,
114,473,2390.154000,286818480,
117,50,366.429000,43971480,
117,125,629.679000,75561480,
117,54,422.112000,50653440,
117,153,556.225000,66747000,
117,168,299.434000,35932080,
117,53,487.577000,51540000,
117,10,1199.381000,143925720,
117,11,1239.377000,148725239,
117,129,1452.119000,174254279,
117,143,1435.836000,172300320,
117,127,1390.729000,166887480,
117,24,1376.994000,165239280,
117,25,1480.822000,177698640,
117,12,2202.199000,264263880,
117,111,2347.140000,281656800,
117,135,2048.378000,245805359,
117,171,2405.665000,288679800,
117,13,1559.844000,187181280,
117,108,1437.489000,172498680,
117,14,1330.885000,159706200,
117,15,288.119000,43200000,
117,16,1710.659000,205279080,
117,17,1588.856000,190662720,
117,18,1010.133000,121215960,
117,19,506.009000,60721080,
117,20,2241.056000,268926720,
117,21,1105.400000,132648000,
117,22,1259.507000,151140840,
117,23,1593.275000,191193000,
117,87,215.210000,25825200,
117,89,2530.913000,303709560,
117,90,350.412000,42049439,
117,91,1203.049000,144365880,
117,92,1558.072000,186968640,
117,93,351.983000,42237960,
117,95,2389.575000,286748999,
117,96,1902.696000,228323520,
117,97,1807.597000,216911640,
117,98,280.232000,33627840,
117,99,892.367000,107084040,
117,103,2549.269000,305912279,
117,104,2534.857000,304182840,
117,105,1089.573000,130748760,
117,110,2643.089000,317170680,
117,114,653.441000,78412920,
117,117,0.000000,0,
117,119,1475.090000,177010800,
117,121,544.141000,65296920,
117,124,1263.830000,151659600,
117,126,846.592000,101591040,
117,128,887.652000,106518239,
117,129,1452.119000,174254279,
117,131,291.322000,34958640,
117,133,72.449000,10800000,
117,159,224.722000,32400000,
117,195,2727.395000,327287400,
117,196,2084.327000,250119240,
117,473,2779.803000,333576360,
119,50,1799.447000,215933640,
119,125,2062.697000,247523640,
119,54,1855.130000,222615600,
119,153,1989.243000,238709160,
119,168,1730.200000,207624000,
119,53,1920.595000,230471400,
119,10,1675.586000,201070320,
119,11,1581.520000,189782400,
119,129,1497.483000,179697960,
119,143,1943.246000,233189520,
119,127,1851.747000,222209640,
119,24,1591.473000,190976759,
119,25,1677.351000,201282120,
119,12,1440.678000,172881360,
119,111,1584.342000,190121040,
119,135,1576.953000,189234360,
119,171,1585.588000,190270560,
119,13,1591.266000,190951920,
119,108,1317.271000,158072520,
119,14,414.962000,49795440,
119,15,1618.638000,194236560,
119,16,1414.452000,169734240,
119,17,1095.221000,131426520,
119,18,1257.745000,150929400,
119,19,1826.457000,219174840,
119,20,1254.604000,150552480,
119,21,848.228000,101787360,
119,22,963.301000,115596120,
119,23,1536.815000,184417800,
119,87,1776.636000,213196320,
119,89,1712.256000,205470720,
119,90,1126.637000,135196440,
119,91,397.494000,47699280,
119,92,25.974000,3116880,
119,93,1146.972000,137636640,
119,95,1403.123000,168374759,
119,96,786.782000,94413839,
119,97,463.712000,55645440,
119,98,1852.256000,222270720,
119,99,803.962000,96475440,
119,103,1730.612000,207673440,
119,104,1556.965000,186835799,
119,105,467.772000,56132640,
119,110,1699.600000,203951999,
119,114,849.977000,101997240,
119,117,1475.790000,177094800,
119,119,0.000000,0,
119,121,940.201000,112824120,
119,124,527.075000,63249000,
119,126,1139.674000,136760880,
119,128,1652.214000,198265680,
119,129,1497.483000,179697960,
119,131,1418.677000,170241240,
119,133,1498.393000,179807159,
119,159,1594.389000,191326680,
119,195,1908.738000,229048559,
119,196,1724.787000,206974440,
119,473,1858.969000,223076280,
121,50,851.525000,102183000,
121,125,1114.775000,133773000,
121,54,907.208000,108864960,
121,153,1041.321000,124958520,
121,168,782.278000,93873360,
121,53,972.673000,116720759,
121,10,1304.221000,156506520,
121,11,1260.803000,151296360,
121,129,1231.011000,147721320,
121,143,1587.069000,190448280,
121,127,1495.570000,179468400,
121,24,1232.637000,147916440,
121,25,1318.515000,158221800,
121,12,1736.482000,208377840,
121,111,1881.423000,225770759,
121,135,1682.702000,201924240,
121,171,1939.948000,232793759,
121,13,1338.736000,160648320,
121,108,1216.381000,145965720,
121,14,796.117000,95534040,
121,15,670.717000,80486040,
121,16,1284.477000,154137239,
121,17,1123.139000,134776679,
121,18,789.025000,94683000,
121,19,710.996000,85319520,
121,20,1775.339000,213040680,
121,21,762.840000,91540800,
121,22,833.325000,99999000,
121,23,1372.168000,164660159,
121,87,828.714000,99445680,
121,89,2065.196000,247823520,
121,90,195.944000,21600000,
121,91,668.282000,80193840,
121,92,1023.304000,122796479,
121,93,199.050000,23886000,
121,95,1923.858000,230862959,
121,96,1436.979000,172437480,
121,97,1133.161000,135979320,
121,98,904.334000,108520080,
121,99,402.801000,48336120,
121,103,2083.552000,250026240,
121,104,2069.140000,248296800,
121,105,554.806000,66576720,
121,110,2177.373000,261284760,
121,114,118.673000,18000000,
121,117,545.097000,65411639,
121,119,940.322000,112838640,
121,121,0.000000,0,
121,124,590.154000,70818480,
121,126,625.485000,75058200,
121,128,1017.223000,122066760,
121,129,1231.011000,147721320,
121,131,470.756000,56490720,
121,133,567.700000,68124000,
121,159,646.468000,77576160,
121,195,2261.678000,271401359,
121,196,1863.219000,223586280,
121,473,2314.087000,277690440,
124,50,1397.865000,167743800,
124,125,1661.115000,199333800,
124,54,1453.549000,174425880,
124,153,1587.662000,190519440,
124,168,1328.618000,159434160,
124,53,1519.013000,182281560,
124,10,1148.200000,137784000,
124,11,1054.134000,126496080,
124,129,970.097000,116411639,
124,143,1415.860000,169903200,
124,127,1324.361000,158923320,
124,24,1064.087000,127690440,
124,25,1149.965000,137995800,
124,12,1368.743000,164249160,
124,111,1513.684000,181642080,
124,135,1314.963000,157795560,
124,171,1572.209000,188665079,
124,13,1063.880000,127665600,
124,108,789.885000,94786200,
124,14,927.969000,111356279,
124,15,1188.028000,142563360,
124,16,1661.713000,199405560,
124,17,755.400000,90648000,
124,18,730.359000,87643080,
124,19,1323.183000,158781960,
124,20,1407.600000,168911999,
124,21,320.842000,36000000,
124,22,1210.561000,145267320,
124,23,1009.429000,121131480,
124,87,1375.054000,165006480,
124,89,1697.457000,203694840,
124,90,846.871000,101624520,
124,91,677.487000,81298440,
124,92,551.623000,66194760,
124,93,790.916000,94909920,
124,95,1556.119000,186734280,
124,96,833.471000,100016520,
124,97,539.053000,64686360,
124,98,1450.674000,174080880,
124,99,774.766000,92971920,
124,103,1715.813000,205897559,
124,104,1701.401000,204168120,
124,105,595.017000,71402039,
124,110,1809.634000,217156080,
124,114,639.586000,76750320,
124,117,1264.137000,151696439,
124,119,527.076000,63249120,
124,121,591.390000,70966800,
124,124,0.000000,0,
124,126,612.289000,73474680,
124,128,1124.828000,134979360,
124,129,970.097000,116411639,
124,131,990.363000,118843560,
124,133,1209.180000,145101600,
124,159,1192.808000,143136960,
124,195,1893.939000,227272680,
124,196,1405.212000,168625440,
124,473,1946.348000,233561759,
126,50,978.028000,117363360,
126,125,1241.278000,148953360,
126,54,1033.711000,124045320,
126,153,1167.824000,140138879,
126,168,908.781000,109053720,
126,53,1099.176000,131901120,
126,10,633.287000,75994439,
126,11,555.296000,66635519,
126,129,638.899000,76667880,
126,143,900.947000,108113640,
126,127,809.448000,97133760,
126,24,640.525000,76863000,
126,25,726.403000,87168360,
126,12,1424.580000,125580000,
126,111,1569.521000,188342520,
126,135,1235.158000,148218960,
126,171,1628.046000,195365520,
126,13,746.624000,89594880,
126,108,624.269000,74912280,
126,14,1433.538000,172024559,
126,15,768.191000,77160000,
126,16,2038.231000,244587720,
126,17,811.237000,76020000,
126,18,196.913000,21600000,
126,19,650.962000,78115440,
126,20,1463.437000,175612440,
126,21,326.905000,39228599,
126,22,1587.079000,190449480,
126,23,780.055000,93606599,
126,87,955.217000,114626040,
126,89,1753.294000,210395279,
126,90,671.708000,80604960,
126,91,1151.916000,138229920,
126,92,1164.419000,139730280,
126,93,586.879000,70425480,
126,95,1611.956000,193434720,
126,96,1125.077000,135009240,
126,97,1098.984000,131878079,
126,98,1030.836000,123700320,
126,99,1040.222000,124826640,
126,103,1771.650000,212598000,
126,104,1757.238000,210868560,
126,105,1020.284000,122434080,
126,110,1865.471000,223856520,
126,114,756.094000,90731279,
126,117,845.251000,101430120,
126,119,1139.872000,136784640,
126,121,625.320000,75038400,
126,124,611.824000,64800000,
126,126,0.000000,0,
126,128,545.461000,65455320,
126,129,638.899000,76667880,
126,131,570.526000,68463120,
126,133,789.342000,94721040,
126,159,772.970000,92756400,
126,195,1949.776000,233973120,
126,196,1271.107000,152532840,
126,473,2002.185000,240262199,
128,50,850.179000,102021480,
128,125,986.708000,118404960,
128,54,905.862000,108703440,
128,153,930.603000,111672360,
128,168,780.932000,93711840,
128,53,864.917000,103790039,
128,10,294.669000,28800000,
128,11,354.356000,32220000,
128,129,720.450000,86454000,
128,143,577.516000,69301920,
128,127,486.017000,58322040,
128,24,491.973000,59036760,
128,25,595.801000,71496119,
128,12,1753.489000,210418680,
128,111,1810.891000,217306920,
128,135,1320.005000,158400600,
128,171,1943.385000,233206200,
128,13,740.531000,54000000,
128,108,761.540000,91384799,
128,14,1821.121000,218534520,
128,15,609.463000,54000000,
128,16,2272.732000,272727840,
128,17,1324.693000,158963160,
128,18,389.110000,46693200,
128,19,382.129000,32400000,
128,20,2071.873000,248624760,
128,21,840.361000,100843320,
128,22,1821.580000,218589600,
128,23,892.884000,82800000,
128,87,850.708000,102084960,
128,89,2068.633000,248235959,
128,90,906.209000,108745080,
128,91,1693.285000,203194200,
128,92,1677.875000,201345000,
128,93,821.381000,98565720,
128,95,2046.456000,245574720,
128,96,1638.534000,196624079,
128,97,1612.440000,193492800,
128,98,940.268000,112832160,
128,99,1427.804000,171336480,
128,103,2086.990000,250438800,
128,104,2072.577000,248709240,
128,105,1579.809000,189577080,
128,110,2180.810000,261697199,
128,114,1143.677000,137241240,
128,117,889.699000,106763880,
128,119,1653.328000,198399360,
128,121,1017.136000,122056320,
128,124,1125.281000,135033720,
128,126,545.482000,65457839,
128,128,0.000000,0,
128,129,720.450000,86454000,
128,131,635.633000,76275960,
128,133,819.424000,98330880,
128,159,674.954000,80994480,
128,195,2265.115000,271813800,
128,196,1355.955000,162714599,
128,473,2317.524000,278102880,
129,50,1478.282000,177393840,
129,125,1626.217000,195146040,
129,54,1533.965000,184075800,
129,153,1668.078000,200169360,
129,168,1409.035000,169084200,
129,53,1599.430000,191931600,
129,10,509.765000,61171800,
129,11,392.500000,47100000,
129,129,0.000000,0,
129,143,761.519000,91382279,
129,127,670.020000,80402400,
129,24,230.815000,27697800,
129,25,173.114000,20773680,
129,12,1085.911000,130309320,
129,111,1143.312000,137197440,
129,135,652.427000,78291240,
129,171,1275.807000,153096840,
129,13,115.896000,14400000,
129,108,190.679000,25200000,
129,14,1896.374000,227564880,
129,15,1237.566000,148507920,
129,16,2646.521000,317582520,
129,17,654.899000,78587880,
129,18,444.392000,46800000,
129,19,1010.231000,121227720,
129,20,1404.295000,168515400,
129,21,649.129000,64800000,
129,22,2195.369000,263444280,
129,23,197.325000,25200000,
129,87,1478.811000,177457320,
129,89,1401.055000,168126600,
129,90,1279.998000,153599760,
129,91,1645.892000,197507040,
129,92,1520.028000,182403359,
129,93,1195.170000,143420400,
129,95,1378.877000,165465240,
129,96,974.357000,116922840,
129,97,1300.373000,156044760,
129,98,1568.371000,188204520,
129,99,1643.668000,197240160,
129,103,1419.411000,170329320,
129,104,1404.999000,168599880,
129,105,1563.422000,187610640,
129,110,1513.232000,181587840,
129,114,1359.540000,163144800,
129,117,1453.541000,174424920,
129,119,1495.480000,179457600,
129,121,1228.767000,147452040,
129,124,967.433000,116091959,
129,126,636.947000,76433640,
129,128,720.626000,86475120,
129,129,0.000000,0,
129,131,1178.816000,141457920,
129,133,1447.526000,173703120,
129,159,1303.056000,156366720,
129,195,1597.537000,191704440,
129,196,688.376000,82605120,
129,473,1649.946000,197993520,
131,50,400.791000,48094920,
131,125,664.041000,79684920,
131,54,456.474000,54776880,
131,153,590.587000,70870440,
131,168,331.544000,39785280,
131,53,521.939000,62632679,
131,10,942.972000,113156639,
131,11,982.969000,117956280,
131,129,1053.817000,126458040,
131,143,1179.427000,141531239,
131,127,1134.321000,136118520,
131,24,1120.586000,134470320,
131,25,1224.413000,146929560,
131,12,1929.144000,144000000,
131,111,2074.086000,248890320,
131,135,1650.076000,198009120,
131,171,2132.610000,255913200,
131,13,1161.542000,139385040,
131,108,1039.187000,124702439,
131,14,1276.859000,153223080,
131,15,202.058000,21600000,
131,16,1697.871000,203744520,
131,17,1315.801000,157896120,
131,18,611.831000,73419720,
131,19,251.038000,28800000,
131,20,1968.002000,236160240,
131,21,832.346000,99881520,
131,22,1246.719000,110100000,
131,23,1194.973000,143396760,
131,87,377.980000,45357600,
131,89,2257.858000,270942959,
131,90,337.624000,28800000,
131,91,1149.024000,137882879,
131,92,1504.046000,180485520,
131,93,277.119000,28800000,
131,95,2116.520000,253982400,
131,96,1629.642000,195557040,
131,97,1534.542000,184145040,
131,98,453.599000,54431880,
131,99,879.579000,105549480,
131,103,2276.215000,273145800,
131,104,2261.802000,271416240,
131,105,1035.548000,124265760,
131,110,2370.035000,284404200,
131,114,599.415000,71929800,
131,117,292.221000,35066520,
131,119,1421.064000,170527679,
131,121,472.874000,56744880,
131,124,990.775000,118892999,
131,126,572.550000,68705999,
131,128,631.243000,75749160,
131,129,1053.817000,126458040,
131,131,0.000000,0,
131,133,225.071000,27008520,
131,159,195.733000,18000000,
131,195,2454.340000,294520800,
131,196,1686.025000,202323000,
131,473,2506.749000,300809879,
133,50,296.191000,35542919,
133,125,559.441000,67132920,
133,54,351.874000,42224880,
133,153,485.987000,58318440,
133,168,229.196000,27503520,
133,53,417.339000,50080680,
133,10,1129.143000,135497160,
133,11,1169.139000,140296680,
133,129,1448.192000,173783040,
133,143,1365.598000,163871760,
133,127,1320.491000,158458920,
133,24,1306.756000,156810720,
133,25,1410.584000,169270079,
133,12,2147.543000,257705159,
133,111,2292.484000,275098080,
133,135,2044.451000,245334119,
133,171,2351.009000,282121080,
133,13,1555.315000,186637800,
133,108,1433.562000,172027440,
133,14,1353.543000,162425160,
133,15,217.881000,28800000,
133,16,1733.317000,207998040,
133,17,1534.200000,184104000,
133,18,830.230000,99627600,
133,19,435.771000,52292519,
133,20,2186.400000,262368000,
133,21,1050.745000,126089399,
133,22,1282.165000,153859800,
133,23,1589.349000,190721880,
133,87,167.467000,20096040,
133,89,2476.257000,297150840,
133,90,373.070000,36000000,
133,91,1225.708000,147084960,
133,92,1580.730000,189687600,
133,93,374.641000,44956919,
133,95,2334.919000,280190279,
133,96,1848.040000,221764800,
133,97,1752.941000,210352920,
133,98,232.490000,27898800,
133,99,915.026000,109803120,
133,103,2494.613000,299353559,
133,104,2480.201000,297624120,
133,105,1112.232000,133467839,
133,110,2588.434000,310612080,
133,114,676.099000,81131879,
133,117,72.457000,14400000,
133,119,1497.748000,179729759,
133,121,566.799000,68015880,
133,124,1209.174000,145100880,
133,126,790.949000,94913879,
133,128,817.414000,98089680,
133,129,1448.192000,173783040,
133,131,224.204000,26904480,
133,133,0.000000,0,
133,159,154.484000,18000000,
133,195,2672.739000,320728680,
133,196,2080.400000,249648000,
133,473,2725.148000,327017759,
159,50,223.796000,21300000,
159,125,487.046000,58445519,
159,54,279.479000,33537480,
159,153,413.592000,49631039,
159,168,154.549000,18545880,
159,53,344.944000,31020000,
159,10,986.380000,86400000,
159,11,1026.377000,123165240,
159,129,1305.429000,156651480,
159,143,1222.836000,146740320,
159,127,1177.729000,141327480,
159,24,1163.994000,139679280,
159,25,1267.822000,152138639,
159,12,2130.877000,190800000,
159,111,2275.819000,273098280,
159,135,1901.688000,228202559,
159,171,2334.344000,280121280,
159,13,1412.552000,111600000,
159,108,1290.800000,154896000,
159,14,1450.719000,140400000,
159,15,75.119000,10800000,
159,16,1871.731000,224607720,
159,17,1517.535000,144000000,
159,18,918.370000,110204400,
159,19,293.009000,32400000,
159,20,2169.735000,188820000,
159,21,1034.079000,100800000,
159,22,1420.579000,120540000,
159,23,1446.586000,115200000,
159,87,187.907000,21600000,
159,89,2459.591000,210420000,
159,90,511.484000,43200000,
159,91,1322.884000,123660000,
159,92,1677.906000,201348720,
159,93,450.979000,54117480,
159,95,2318.254000,278190480,
159,96,1831.375000,162000000,
159,97,1736.276000,208353120,
159,98,263.527000,36000000,
159,99,1053.439000,72000000,
159,103,2477.948000,297353760,
159,104,2463.535000,295624199,
159,105,1209.407000,145128840,
159,110,2571.768000,308612160,
159,114,773.275000,50400000,
159,117,220.939000,26512680,
159,119,1594.924000,191390880,
159,121,646.734000,77608080,
159,124,1192.509000,143101080,
159,126,774.284000,92914080,
159,128,674.651000,80958120,
159,129,1305.429000,156651480,
159,131,194.691000,18000000,
159,133,150.664000,18000000,
159,159,0.000000,0,
159,195,2656.074000,255600000,
159,196,1937.638000,232516559,
159,473,2708.482000,325017840,
195,50,2860.214000,343225680,
195,125,3123.464000,374815680,
195,54,2915.897000,349907640,
195,153,3050.010000,366001200,
195,168,2790.967000,334916040,
195,53,2981.362000,357763440,
195,10,2049.845000,245981399,
195,11,1932.579000,231909479,
195,129,1591.489000,190978680,
195,143,2301.599000,276191880,
195,127,2210.100000,265212000,
195,24,1770.895000,212507400,
195,25,1665.379000,199845480,
195,12,522.651000,54000000,
195,111,386.065000,46327800,
195,135,950.508000,114060960,
195,171,323.847000,38861640,
195,13,1530.635000,129600000,
195,108,1556.683000,186801960,
195,14,2269.958000,272394960,
195,15,2650.377000,237120000,
195,16,3269.448000,392333760,
195,17,1144.358000,137322960,
195,18,1982.022000,237842640,
195,19,2640.006000,316800720,
195,20,657.610000,78913200,
195,21,1625.187000,195022440,
195,22,2818.296000,338195519,
195,23,1397.728000,167727359,
195,87,2837.403000,340488359,
195,89,209.847000,25200000,
195,90,2527.286000,303274320,
195,91,2252.490000,270298800,
195,92,1856.856000,222822720,
195,93,2442.457000,293094840,
195,95,541.870000,65024400,
195,96,1088.963000,130675560,
195,97,1414.979000,169797480,
195,98,2913.023000,349562759,
195,99,2645.212000,317425440,
195,103,178.438000,25200000,
195,104,371.843000,44621160,
195,105,2322.767000,278732040,
195,110,267.611000,32113320,
195,114,2339.549000,280745880,
195,117,2726.485000,327178200,
195,119,1866.297000,223955640,
195,121,2262.220000,271466400,
195,124,1894.345000,227321400,
195,126,1947.816000,233737920,
195,128,2260.706000,271284720,
195,129,1591.489000,190978680,
195,131,2452.712000,294325440,
195,133,2671.528000,320583360,
195,159,2655.156000,318618720,
195,195,0.000000,0,
195,196,749.986000,89998320,
195,473,278.531000,33423720,
196,50,2203.620000,264434399,
196,125,2334.377000,280125240,
196,54,2259.304000,271116480,
196,153,2284.044000,274085280,
196,168,2134.373000,256124760,
196,53,2218.358000,266202959,
196,10,1145.409000,137449079,
196,11,1028.144000,123377280,
196,129,687.054000,82446480,
196,143,1397.164000,167659680,
196,127,1305.665000,156679800,
196,24,866.459000,103975079,
196,25,760.944000,91313280,
196,12,602.882000,72345840,
196,111,660.283000,79233960,
196,135,169.398000,18000000,
196,171,792.778000,95133360,
196,13,626.200000,61200000,
196,108,652.247000,78269639,
196,14,2127.448000,255293759,
196,15,1962.904000,235548480,
196,16,3279.716000,393565920,
196,17,694.993000,83399160,
196,18,1077.587000,129310440,
196,19,1735.570000,208268400,
196,20,921.266000,110551920,
196,21,1123.270000,134792400,
196,22,2828.564000,339427680,
196,23,493.293000,39600000,
196,87,2204.150000,264498000,
196,89,918.026000,110163120,
196,90,1913.193000,229583160,
196,91,2123.439000,254812680,
196,92,1714.346000,205721520,
196,93,1828.364000,219403680,
196,95,895.848000,107501760,
196,96,946.453000,113574360,
196,97,1272.469000,152696280,
196,98,2293.710000,275245200,
196,99,2276.863000,273223560,
196,103,936.382000,112365840,
196,104,921.970000,110636400,
196,105,2040.969000,244916280,
196,110,1030.203000,123624360,
196,114,1992.735000,239128199,
196,117,2086.736000,250408320,
196,119,1723.787000,206854440,
196,121,1861.961000,223435320,
196,124,1444.980000,173397600,
196,126,1270.141000,152416920,
196,128,1356.270000,162752400,
196,129,687.054000,82446480,
196,131,1812.011000,217441320,
196,133,2172.865000,260743800,
196,159,2028.395000,243407400,
196,195,750.278000,90033360,
196,196,0.000000,0,
196,473,1166.917000,140030040,
473,50,2912.984000,349558080,
473,125,3176.234000,381148080,
473,54,2968.667000,356240040,
473,153,3102.780000,372333600,
473,168,2843.737000,341248440,
473,53,3034.132000,364095840,
473,10,2102.615000,252313799,
473,11,1985.350000,238241999,
473,129,1644.259000,197311080,
473,143,2354.369000,282524280,
473,127,2262.870000,271544400,
473,24,1823.665000,218839800,
473,25,1718.150000,206178000,
473,12,575.422000,69050640,
473,111,537.644000,64517280,
473,135,1003.279000,120393480,
473,171,374.392000,44927040,
473,13,1583.406000,190008720,
473,108,1609.453000,193134360,
473,14,2259.696000,271163520,
473,15,2703.147000,324377640,
473,16,3259.186000,391102319,
473,17,1197.128000,143655360,
473,18,2034.793000,244175159,
473,19,2692.776000,323133120,
473,20,607.521000,72902520,
473,21,1677.957000,201354840,
473,22,2808.034000,336964080,
473,23,1450.499000,174059880,
473,87,2890.173000,346820759,
473,89,334.718000,40166160,
473,90,2580.056000,309606720,
473,91,2242.228000,269067360,
473,92,1846.594000,221591280,
473,93,2495.228000,299427360,
473,95,491.781000,59013720,
473,96,1078.701000,129444119,
473,97,1404.717000,168566040,
473,98,2965.793000,355895159,
473,99,2648.696000,317843520,
473,103,343.503000,41220360,
473,104,302.710000,36325199,
473,105,2312.505000,277500600,
473,110,160.029000,13800000,
473,114,2392.320000,287078400,
473,117,2779.256000,333510719,
473,119,1856.035000,222724200,
473,121,2314.990000,277798800,
473,124,1947.115000,233653800,
473,126,2000.586000,240070320,
473,128,2313.476000,277617120,
473,129,1644.259000,197311080,
473,131,2505.482000,300657840,
473,133,2724.299000,326915880,
473,159,2707.927000,324951240,
473,195,278.352000,33402240,
473,196,1161.202000,139344240,
473,473,0.000000,0,
